Date,Home_Team,Away_Team,Bet_Type,Bet_Amount,Odds,Profit,Win/Loss
2022-07-01,inglaterra,israel,60-70,10,1.57,5.7,1
2022-07-01,ayacucho,cantolao,10-20,10,1.5,5.0,1
2022-07-01,ayacucho,cantolao,20-30,10,1.5,5.0,1
2022-07-01,lara,"ucv ac. 0,5 gols",gols,10,1.61,6.1,0
2022-07-01,guairena,asuncion,20-30,10,1.57,5.7,1
2022-07-01,cordoba,juniors,10-20,10,1.57,5.7,1
2022-07-01,belgrano,almagro,20-30,10,1.61,6.1,1
2022-07-01,belgrano,almagro,60-70,5,1.53,2.65,1
2022-07-01,mar,colo colo,60-70,5,1.5,2.5,1
2022-07-01,cruzeiro,vila nova,10-20,5,1.5,2.5,1
2022-07-01,col,sac,10-20,5,1.57,2.85,1
2022-07-01,brusque,operario,60-70,5,1.5,2.5,1
2022-07-02,huachipate,unido,20-30,10,1.61,6.1,1
2022-07-04,braga,botafogo,10-20,10,1.44,4.4,1
2022-07-04,colorado,austin,00-10,10,1.53,5.3,1
2022-07-04,dallas,inter,00-10,10,1.57,5.7,1
2022-07-04,patchuca,querétaro,00-10,40,1.5,20.0,0
2022-07-04,dallas,inter,60-70,10,1.44,4.4,1
2022-07-04,colorado,austin,60-70,10,1.5,5.0,1
2022-07-04,galaxy,montreal,10-20,10,1.44,4.4,1
2022-07-04,galaxy,montreal,20-30,10,1.5,5.0,1
2022-07-04,galaxy,montreal,60-70,10,1.4,4.0,1
2022-07-05,morelia,tlaxcala,60-70,10,1.44,4.4,1
2022-07-05,boca,corinthians,00-10,10,1.57,5.7,1
2022-07-05,libertad,cap,20-30,10,1.5,5.0,1
2022-07-05,inter,colo,20-30,10,1.44,4.4,1
2022-07-05,sucre,petrolero,20-30,10,1.53,5.3,1
2022-07-05,hailstorm,madison,20-30,40,1.5,20.0,0
2022-07-05,libertad,cap,60-70,10,1.44,4.4,1
2022-07-05,boca,corinthians,60-70,10,1.44,4.4,1
2022-07-06,ready,nacional,60-70,10,1.5,5.0,1
2022-07-06,argentinos,justicia,20-30,10,1.5,5.0,1
2022-07-06,colon,talleres,00-10,10,1.57,5.7,1
2022-07-06,ceara,the strongest,20-30,10,1.57,5.7,1
2022-07-06,palmeiras,cerro,20-30,10,1.57,5.7,1
2022-07-06,colon,talleres,60-70,10,1.53,5.3,1
2022-07-06,palmeiras,cerro,60-70,10,1.57,5.7,1
2022-07-06,detroit,hartford,20-30,5,1.61,3.05,1
2022-07-06,mineros,tapatio,10-20,5,1.57,2.85,0
2022-07-06,river,velez,00-10,5,1.57,2.85,1
2022-07-06,melgar,cali,20-30,5,1.53,2.65,1
2022-07-06,river,velez,60-70,5,1.44,2.2,1
2022-07-07,union,caldas,20-30,10,1.57,5.7,1
2022-07-07,union,caldas,60-70,10,1.53,5.3,1
2022-07-07,lanus,independiente,20-30,10,1.53,5.3,1
2022-07-07,stalbaek,stjordals,00-10,10,1.53,5.3,1
2022-07-07,asane,kafum,10-20,10,1.5,5.0,1
2022-07-07,patriotas,junior,20-30,10,1.57,5.7,1
2022-07-08,boca,lorenzo,60-70,10,1.44,4.4,1
2022-07-08,selangor,kuala,60-70,10,1.5,5.0,1
2022-07-08,aksur,atyraur,10-20,10,1.66,6.6,1
2022-07-08,forest,coventry,60-70,10,1.53,5.3,1
2022-07-08,chicago,belgrano,10-20,10,1.61,6.1,1
2022-07-08,chicago,belgrano,20-30,10,1.61,6.1,1
2022-07-08,vila nova,bahia,10-20,5,1.5,2.5,1
2022-07-08,celaya,pumas,20-30,5,1.53,2.65,1
2022-07-08,rosario,sarmiento,00-10,5,1.53,2.65,1
2022-07-09,dynamo,borussia,10-20,10,1.53,5.3,1
2022-07-09,portim,monaco,10-20,10,1.5,5.0,1
2022-07-09,dynamo,borussia,60-70,10,1.44,4.4,1
2022-07-09,brighton,union,00-10,10,1.61,6.1,1
2022-07-09,ny city,ner,20-30,10,1.44,4.4,1
2022-07-09,lorenzo,boca,10-20,10,1.57,5.7,1
2022-07-09,atlanta,austin,10-20,20,1.5,10.0,0
2022-07-09,goias,athletico,10-20,5,1.5,2.5,1
2022-07-09,platense,newells,20-30,5,1.53,2.65,1
2022-07-09,petrolero,blooming,20-30,5,1.57,2.85,1
2022-07-09,millionarios,dep. pasto,60-70,5,1.61,3.05,1
2022-07-09,chicago,columbus,10-20,5,1.5,2.5,1
2022-07-09,houston,dallas,10-20,5,1.5,2.5,1
2022-07-09,goias,athletico,60-70,20,1.5,10.0,0
2022-07-09,gualaceo,ldu,10-20,5,1.57,2.85,1
2022-07-09,unido,everton,60-70,5,1.4,2.0,1
2022-07-10,pepo,kp,10-20,40,1.5,20.0,0
2022-07-10,pif,tps,10-20,10,1.4,4.0,1
2022-07-10,rosemberg,fk,00-10,10,1.5,5.0,1
2022-07-10,kalmar,sirius,20-30,10,1.44,4.4,1
2022-07-10,jorge w.,u. vinto,60-70,10,1.5,5.0,1
2022-07-10,tolima,i. medellin,20-30,10,1.66,6.6,1
2022-07-11,velez,colon,60-70,10,1.5,5.0,1
2022-07-11,ilves,oulu,10-20,10,1.5,5.0,1
2022-07-11,belgrano,atl rafaela,20-30,40,1.61,24.4,0
2022-07-11,defensa,aldosivi,00-10,10,1.57,5.7,1
2022-07-11,bagre,elkistuna,60-70,10,1.44,4.4,1
2022-07-11,varnamo,sundsvall,60-70,10,1.44,4.4,1
2022-07-11,colon,velez,20-30,10,1.5,5.0,1
2022-07-11,colon,velez,00-10,10,1.57,5.7,1
2022-07-11,colon,velez,10-20,10,1.5,5.0,1
2022-07-11,inter,america,00-10,10,1.61,6.1,1
2022-07-11,guabira,univ. sucre,60-70,10,1.44,4.4,1
2022-07-12,turan,aktobe,10-20,10,1.61,6.1,1
2022-07-12,turan,aktobe,20-30,10,1.61,6.1,1
2022-07-12,ilves,akatemia ac. 5 escant,Other,10,1.8,8.0,0
2022-07-12,din,fin,00-10,10,1.53,5.3,1
2022-07-12,turan,aktobe,60-70,10,1.66,6.6,1
2022-07-12,talaea,pyramids,10-20,10,1.61,6.1,1
2022-07-12,el zamalek,al arab,10-20,10,1.53,5.3,1
2022-07-12,alianza,union,60-70,10,1.66,6.6,1
2022-07-12,banfield,santa fe,20-30,10,1.5,5.0,1
2022-07-12,austin,dynamo,00-10,10,1.53,5.3,1
2022-07-12,austin,dynamo,20-30,40,1.53,21.2,0
2022-07-12,cimarrones,mineros,10-20,10,1.53,5.3,1
2022-07-12,austin,dynamo,60-70,40,1.61,24.4,0
2022-07-13,belgrano,estudiantes,00-10,10,1.61,6.1,1
2022-07-13,belgrano,estudiantes,10-20,10,1.57,5.7,1
2022-07-13,belgrano,estudiantes,60-70,10,1.44,4.4,1
2022-07-13,cortuba,cordoba,00-10,10,1.61,6.1,1
2022-07-13,chicago,toronto,00-10,40,1.57,22.8,0
2022-07-13,dc united,colombus,00-10,10,1.57,5.7,1
2022-07-14,breidablik,coloma,00-10,10,1.53,5.3,1
2022-07-14,operario,sport,60-70,10,1.44,4.4,1
2022-07-14,palmeiras,sp,20-30,10,1.5,5.0,1
2022-07-14,resistencia,sol,20-30,10,1.57,5.7,1
2022-07-15,huracan,uniao santa fé,20-30,10,1.53,5.3,1
2022-07-15,estudiantes,tigre,60-70,10,1.5,5.0,1
2022-07-15,dynamo,lokomotiv,00-10,10,1.61,6.1,1
2022-07-15,albion,deportivo,60-70,10,1.5,5.0,1
2022-07-15,a,b,10-20,40,1.66,26.4,0
2022-07-15,plaza colonia,river plate*,Other,10,1.5,5.0,1
2022-07-15,red bulls,indy,00-10,10,1.61,6.1,1
2022-07-15,sarmiento,defensa y justiça,50-60,40,1.5,20.0,0
2022-07-15,all boys,ferro carril,10-20,10,1.61,6.1,1
2022-07-15,all boys,ferro carril,60-70,10,1.61,6.1,1
2022-07-15,juarez,queretaro,00-10,10,1.66,6.6,1
2022-07-15,juarez,queretaro,20-30,10,1.57,5.7,1
2022-07-16,norrkoping,malmo,00-10,10,1.5,5.0,1
2022-07-16,poznan,mielec,00-10,10,1.53,5.3,1
2022-07-16,dalkurd,orebro,20-30,10,1.5,5.0,1
2022-07-16,ituano,londrina,10-20,10,1.5,5.0,1
2022-07-16,rentistas,atletico,10-20,10,1.53,5.3,1
2022-07-16,pk,ff,20-30,10,1.53,5.3,1
2022-07-16,helsinki,vaasa,60-70,10,1.57,5.7,1
2022-07-16,djurgarden,varnamo,00-10,10,1.57,5.7,1
2022-07-16,arges,arad,10-20,10,1.66,6.6,1
2022-07-16,mariehamn,hifk,20-30,10,1.44,4.4,1
2022-07-16,trnava,moravce,00-10,10,1.57,5.7,1
2022-07-16,young boys,zurich,20-30,10,1.5,5.0,1
2022-07-16,ham-kam,bodo,20-30,10,1.44,4.4,1
2022-07-16,ham-kam,bodo,60-70,10,1.44,4.4,1
2022-07-16,argentinos jrs,barracas,60-70,10,1.5,5.0,1
2022-07-16,future,ismaily,60-70,10,1.57,5.7,1
2022-07-16,cluj,rapid,20-30,10,1.61,6.1,1
2022-07-16,crb,brusque,00-10,40,1.5,20.0,0
2022-07-16,cap,inter,00-10,10,1.5,5.0,1
2022-07-16,orense,macara,20-30,10,1.61,6.1,1
2022-07-16,sampaio,vasco,60-70,40,1.4,16.0,0
2022-07-16,guarani,bahia,00-10,10,1.53,5.3,1
2022-07-16,flamengo,coritiba,00-10,10,1.53,5.3,1
2022-07-16,wanderes,penarol,00-10,10,1.57,5.7,1
2022-07-16,ind. petrolero,bolivar,60-70,10,1.61,6.1,1
2022-07-16,guarani,bahia,60-70,10,1.4,4.0,1
2022-07-16,avaí,santos,60-70,10,1.44,4.4,1
2022-07-16,flamengo,coritiba,60-70,10,1.5,5.0,1
2022-07-16,huancayo,atl grau,20-30,10,1.44,4.4,1
2022-07-16,wanderes,penarol,60-70,40,1.5,20.0,0
2022-07-16,olimpia,guarani,20-30,10,1.61,6.1,1
2022-07-16,palmaflor,aurora,20-30,10,1.57,5.7,1
2022-07-16,inter,charlotte,00-10,10,1.57,5.7,1
2022-07-16,fire,saunders,10-20,10,1.53,5.3,1
2022-07-16,ceara,corinthians,20-30,10,1.44,4.4,1
2022-07-16,ldu,cuenca,60-70,10,1.57,5.7,0
2022-07-16,montreal,toronto,60-70,10,1.44,4.4,1
2022-07-16,dallas,austin,00-10,10,1.57,5.7,1
2022-07-16,tec. univ.,barcelona,20-30,10,1.61,6.1,1
2022-07-16,dallas,austin,20-30,10,1.5,5.0,1
2022-07-16,santos,chiva,60-70,10,1.53,5.3,1
2022-07-16,young boys,zurich,60-70,10,1.44,4.4,1
2022-07-17,vesteras,landskrona,00-10,10,1.5,5.0,1
2022-07-17,garbania,motor lubin,10-20,10,1.5,5.0,1
2022-07-17,dangjin,cheongju,60-70,10,1.72,7.2,1
2022-07-17,hansa,heidenheim,10-20,10,1.5,5.0,1
2022-07-17,braunschweig,hamburgo,10-20,10,1.5,5.0,1
2022-07-17,viborg,aab,10-20,10,1.5,5.0,1
2022-07-17,viborg,aab,20-30,10,1.5,5.0,1
2022-07-17,lyngby,silkeborg,20-30,10,1.57,5.7,1
2022-07-17,hansa,heidenheim,60-70,10,1.5,5.0,1
2022-07-17,aik,kalmar,10-20,10,1.5,5.0,1
2022-07-17,wisla,lechia,00-10,10,1.5,5.0,1
2022-07-17,gotemburgo,mjalby,20-30,10,1.5,5.0,1
2022-07-17,ju,goias,00-10,10,1.53,5.3,1
2022-07-17,bonnyrigg,hibernian,00-10,40,1.44,17.6,0
2022-07-17,servette,gallen,10-20,40,1.5,20.0,0
2022-07-17,pogon,widzew,10-20,10,1.5,5.0,1
2022-07-17,constanta,craiova,10-20,10,1.57,5.7,1
2022-07-17,copenhagen,horsens,60-70,10,1.5,5.0,1
2022-07-17,pogon,widzew,20-30,10,1.5,5.0,1
2022-07-17,gnistan,ktp,10-20,40,1.57,22.8,0
2022-07-17,santa fe,huracan,10-20,10,1.53,5.3,1
2022-07-17,santa fe,huracan,20-30,40,1.5,20.0,0
2022-07-17,cantolao,binacional,20-30,40,1.53,21.2,0
2022-07-17,la serena,antofagasta,20-30,10,1.57,5.7,1
2022-07-17,guillermo,chacarita,10-20,10,1.66,6.6,0
2022-07-18,grorud,mjodalen,00-10,10,1.53,5.3,1
2022-07-18,varbergs,heisinborg,10-20,10,1.5,5.0,1
2022-07-18,odense,nords,10-20,40,1.5,20.0,0
2022-07-18,pharco,el shaquia,60-70,10,1.72,7.2,1
2022-07-18,eskilstuna,trelleborgs,60-70,10,1.4,4.0,1
2022-07-18,varbergs,heisinborg,60-70,10,1.53,5.3,1
2022-07-18,petrolul,voluntari,20-30,10,1.66,6.6,1
2022-07-18,makasa,enppi,10-20,10,1.61,6.1,1
2022-07-18,iceland,frança fem,60-70,10,1.5,5.0,1
2022-07-18,cajamarca,alianza,60-70,10,1.5,5.0,0
2022-07-18,palmeiras,cuiaba,00-10,10,1.5,5.0,1
2022-07-18,sport,vila nova,10-20,10,1.5,5.0,1
2022-07-18,pachuca,mazatlan,20-30,10,1.57,5.7,1
2022-07-18,santamarina,def. belgrano,20-30,10,1.57,5.7,1
2022-07-19,once caldas,aguilas,20-30,10,1.61,6.1,1
2022-07-19,zalgiris,malmo,00-10,10,1.5,5.0,1
2022-07-19,norby,sodra,60-70,10,1.44,4.4,1
2022-07-19,colon,aldosivi,20-30,10,1.53,5.3,0
2022-07-19,platense,central,20-30,10,1.53,5.3,1
2022-07-19,colon,aldosivi,60-70,10,1.44,4.4,1
2022-07-19,guairena,ameliano,10-20,10,1.61,6.1,1
2022-07-19,guairena,ameliano,20-30,10,1.61,6.1,1
2022-07-19,bahia,crb,00-10,10,1.53,5.3,1
2022-07-19,brusque,gremio,00-10,10,1.53,5.3,1
2022-07-19,londrina,sampaio,20-30,40,1.53,21.2,0
2022-07-19,brusque,gremio,60-70,10,1.53,5.3,1
2022-07-19,vasco,ituano,00-10,10,1.5,5.0,1
2022-07-19,ceara,avaí,00-10,40,1.5,20.0,0
2022-07-19,ceara,avaí,60-70,10,1.5,5.0,1
2022-07-20,atletico,wanderers,00-10,10,1.53,5.3,1
2022-07-20,atletico,wanderers,20-30,10,1.5,5.0,1
2022-07-20,jaro,sjk,20-30,10,1.53,5.3,1
2022-07-20,legia,celtic,20-30,10,1.5,5.0,1
2022-07-20,haifa,olympiakos,20-30,10,1.61,6.1,1
2022-07-20,maribor,sheriff,00-10,10,1.57,5.7,1
2022-07-20,ferencvarosi,slovan,20-30,10,1.53,5.3,1
2022-07-20,haifa,olympiakos,60-70,40,1.57,22.8,0
2022-07-20,niksic,klaksvik,20-30,10,1.57,5.7,1
2022-07-20,rbb,fec,00-10,10,1.53,5.3,1
2022-07-20,corinthians,coritiba,00-10,10,1.57,5.7,1
2022-07-20,inter,sp,20-30,10,1.5,5.0,1
2022-07-20,corinthians,coritiba,60-70,10,1.5,5.0,1
2022-07-21,pogon,brondby,10-20,10,1.5,5.0,1
2022-07-21,rakow,astana,10-20,10,1.57,5.7,1
2022-07-21,river,defensor,60-70,10,1.44,4.4,1
2022-07-21,rosario,newell,60-70,10,1.5,5.0,1
2022-07-21,nacional,resistencia,20-30,10,1.5,5.0,1
2022-07-21,cuiaba,atl mg,00-10,10,1.57,5.7,1
2022-07-21,cuiaba,atl mg,20-30,10,1.57,5.7,1
2022-07-21,nacional,cerrito,10-20,10,1.57,5.7,1
2022-07-21,darmstadt,sandhausen,60-70,10,1.44,4.4,1
2022-07-22,hokoah,tiger,00-10,10,1.61,6.1,1
2022-07-23,jonkopings,dalkurd,20-30,10,1.61,6.1,1
2022-07-23,albion,penarol,00-10,10,1.53,5.3,1
2022-07-23,voluntari,botosani,20-30,10,1.57,5.7,0
2022-07-23,gallen,winterhur,10-20,10,1.5,5.0,1
2022-07-23,ameliano,tacuary,00-10,10,1.66,6.6,1
2022-07-23,melgar,huancayo,00-10,10,1.53,5.3,1
2022-07-23,orlando city,phila,00-10,10,1.57,5.7,1
2022-07-23,columbus,new england,00-10,10,1.53,5.3,1
2022-07-23,botafogo,cap,00-10,10,1.53,5.3,1
2022-07-23,everton,la calera,20-30,10,1.61,6.1,1
2022-07-23,guayaquil,emelec,00-10,10,1.53,5.3,1
2022-07-23,el paso,san antonio,00-10,10,1.57,5.7,1
2022-07-23,sounders,rapids,00-10,10,1.61,6.1,1
2022-07-23,whitecaps,fire,00-10,40,1.57,22.8,0
2022-07-23,salt lake,dallas,00-10,10,1.53,5.3,1
2022-07-23,timbers,san jose,10-20,10,1.5,5.0,1
2022-07-23,el paso,san antonio,60-70,10,1.4,4.0,1
2022-07-24,avaí,flamengo,00-10,10,1.53,5.3,1
2022-07-24,mechelen,antwerp,10-20,10,1.5,5.0,1
2022-07-24,kristiansand,bk,60-70,10,1.4,4.0,1
2022-07-24,westerlo,brugge,20-30,10,1.44,4.4,0
2022-07-24,hafnarfjordur,breidablik,20-30,10,1.5,5.0,1
2022-07-24,aldosivi,river,60-70,10,1.44,4.4,1
2022-07-24,atl mg,corinthians,20-30,40,1.53,21.2,0
2022-07-24,univ catolica,ldu,20-30,10,1.61,6.1,1
2022-07-24,fortaleza,santos,00-10,10,1.53,5.3,1
2022-07-25,12 de outubro,nacional,20-30,10,1.61,6.1,1
2022-07-25,uta arad,petrolul,20-30,10,1.61,6.1,1
2022-07-25,akranes,fram,00-10,10,1.5,5.0,1
2022-07-25,akranes,fram,20-30,10,1.4,4.0,1
2022-07-25,san lorenzo,tallere,50-60,10,1.5,5.0,1
2022-07-25,san lorenzo,tallere,20-30,10,1.57,5.7,1
2022-07-25,12 de outubro,nacional,60-70,10,1.53,5.3,1
2022-07-25,san lorenzo,tallere,60-70,10,1.44,4.4,1
2022-07-25,cerro,river,00-10,10,1.5,5.0,1
2022-07-25,deportivo,cali,10-20,10,1.57,5.7,1
2022-07-25,union,curico,10-20,10,1.53,5.3,1
2022-07-25,banfield,arg jrs,10-20,10,1.57,5.7,1
2022-07-27,san martin,ayaucho,00-10,10,1.5,5.0,1
2022-07-27,pyramids,bank of egypt,60-70,10,1.53,5.3,1
2022-07-27,san martin,ayaucho,20-30,10,1.44,4.4,1
2022-07-27,slovan,ferencvarosi,10-20,10,1.5,5.0,1
2022-07-27,real tomayapo,univ de vinto,00-10,10,1.66,6.6,1
2022-07-27,real tomayapo,univ de vinto,60-70,10,1.53,5.3,1
2022-07-27,olympiakos,maccabi,60-70,10,1.44,4.4,1
2022-07-27,univ sucre,royal pari,00-10,10,1.61,6.1,1
2022-07-27,liverpool,nacional,00-10,10,1.5,5.0,1
2022-07-27,univ sucre,royal pari,60-70,10,1.44,4.4,1
2022-07-27,libertad,san lorenzo,60-70,10,1.44,4.4,1
2022-07-27,necaxa,pachuca,00-10,10,1.53,5.3,1
2022-07-27,the strongest,always ready,00-10,10,1.57,5.7,1
2022-07-27,atl go,corinthians,10-20,10,1.44,4.4,1
2022-07-27,cesar vallejo,univ deportes,20-30,10,1.5,5.0,1
2022-07-27,the strongest,always ready,60-70,10,1.5,5.0,1
2022-07-27,roots,rising,20-30,10,1.53,5.3,1
2022-07-28,pharco,talaea,20-30,10,1.66,6.6,1
2022-07-28,djurgarden,rijeka,20-30,10,1.53,5.3,1
2022-07-28,vaduz,koper,20-30,10,1.53,5.3,1
2022-07-28,streda,vikingur,00-10,10,1.53,5.3,1
2022-07-28,puskas,vit guimaraes,10-20,10,1.57,5.7,1
2022-07-28,sp,america mg,00-10,10,1.53,5.3,1
2022-07-28,blooming,jorge wilstermann,00-10,10,1.57,5.7,1
2022-07-28,sp,america mg,20-30,10,1.5,5.0,1
2022-07-28,fortaleza,flu,00-10,40,1.44,17.6,0
2022-07-28,junior,nacional,20-30,10,1.5,5.0,0
2022-07-30,dagerfors,kalmar,00-10,10,1.5,5.0,1
2022-07-30,nyboking,hvidovre,10-20,10,1.57,5.7,1
2022-07-30,nyboking,hvidovre,20-30,10,1.53,5.3,1
2022-07-30,brusque,cruzeiro,00-10,10,1.53,5.3,1
2022-07-30,stjarnan,vikingur,10-20,10,1.44,4.4,1
2022-07-30,fremad,vejle,10-20,10,1.5,5.0,1
2022-07-30,dagerfors,kalmar,60-70,10,1.44,4.4,1
2022-07-30,sturm,salsburg,20-30,10,1.5,5.0,1
2022-07-30,middlesbrough,west brom,10-20,10,1.5,5.0,1
2022-07-30,sundsvall,varbergs,00-10,10,1.5,5.0,1
2022-07-30,radomiak,gornik,60-70,10,1.5,5.0,1
2022-07-30,miedz,warta,00-10,10,1.57,5.7,1
2022-07-30,miedz,warta,20-30,20,2.5,30.0,0
2022-07-30,clui,mioveni,00-10,10,1.53,5.3,1
2022-07-30,gent,sint,20-30,10,1.57,5.7,1
2022-07-30,min unit,por timbers,60-70,10,1.53,5.3,1
2022-07-30,miedz,warta,00-10,10,1.5,5.0,1
2022-07-30,coritiba,goias,60-70,10,1.57,5.7,1
2022-07-30,gent,sint,10-20,10,1.57,5.7,1
2022-07-30,novorizontino,vila nova,00-10,10,4.0,30.0,0
2022-07-30,charlotte,columbus,10-20,10,1.57,5.7,1
2022-07-30,hartford,birmigham,00-10,10,1.57,5.7,1
2022-07-30,flamengo,atl go,10-20,10,1.57,5.7,1
2022-07-30,montreal,ny city,10-20,10,1.53,5.3,1
2022-07-30,montreal,ny city,20-30,10,1.53,5.3,1
2022-07-30,ne,toronto,10-20,10,1.53,5.3,1
2022-07-30,inter,cincinnati,20-30,10,4.0,30.0,0
2022-07-30,sa,galaxy,00-10,10,1.53,5.3,1
2022-07-30,kansas,austin,20-30,10,1.57,5.7,1
2022-07-30,kansas,austin,60-70,10,1.5,5.0,1
2022-07-30,ne,toronto,10-20,10,1.5,5.0,1
2022-08-01,jablonec,bohemians,00-10,10,1.53,5.3,1
2022-08-01,kralove,slavia,10-20,40,1.5,20.0,0
2022-08-01,molde,stromgodset,00-10,10,1.5,5.0,1
2022-08-01,stabaek,skeid,10-20,10,1.57,5.7,1
2022-08-01,austria,lask,00-10,10,1.61,6.1,1
2022-08-01,celtic,aberdeen,00-10,10,1.44,4.4,1
2022-08-01,poznan,wisla,00-10,10,1.53,5.3,1
2022-08-01,celtic,aberdeen,20-30,10,1.5,5.0,1
2022-08-01,rakow,stal,10-20,40,1.5,20.0,0
2022-08-01,sparta,liberec,10-20,10,1.61,6.1,1
2022-08-01,craiova,rapid,20-30,40,1.5,20.0,0
2022-08-01,cerro,torque,00-10,10,1.53,5.3,1
2022-08-01,athletico,sp,10-20,10,1.53,5.3,1
2022-08-01,sporting,alianza,10-20,10,1.5,5.0,1
2022-08-01,cuiaba,fortaleza,00-10,10,1.5,5.0,1
2022-08-01,dc,orlando,00-10,40,1.5,20.0,0
2022-08-01,bragantino,juventude,00-10,10,1.57,5.7,1
2022-08-02,hfk,inter,20-30,10,1.53,5.3,1
2022-08-02,gotemburgo,norrkoping,10-20,10,1.5,5.0,1
2022-08-02,sochaux,paris,50-60,10,1.57,5.7,1
2022-08-02,watford,sheff,60-70,10,1.5,5.0,1
2022-08-02,zamalek,pyramids,50-60,10,1.5,5.0,1
2022-08-02,santos,flu,60-70,10,1.5,5.0,1
2022-08-02,9 de outubro,orense,20-30,10,1.57,5.7,1
2022-08-02,colon,independiente,10-20,10,1.53,5.3,1
2022-08-02,instituto,all boys,10-20,10,1.57,5.7,1
2022-08-03,wolfsberger,gzira,60-70,10,1.44,4.4,1
2022-08-03,al ahly,pharco,20-30,10,1.57,5.7,1
2022-08-03,dunajska,fcsb,20-30,10,1.5,5.0,0
2022-08-03,univ de vinto,blooming,20-30,10,1.57,5.7,1
2022-08-03,sp,ceara,10-20,10,1.53,5.3,1
2022-08-03,rubio,cerro,20-30,10,1.5,5.0,1
2022-08-03,ny city,memphis,10-20,10,1.53,5.3,1
2022-08-03,univ de vinto,blooming,60-70,10,1.57,5.7,1
2022-08-03,sp,ceara,60-70,10,1.44,4.4,1
2022-08-03,maryland,cal,20-30,10,1.5,5.0,0
2022-08-03,columbus,montreal,10-20,40,1.53,21.2,0
2022-08-03,charlotte,dc,60-70,10,1.61,6.1,0
2022-08-03,aldosivi,newells,20-30,10,1.44,4.4,1
2022-08-03,atl mg,palmeiras,20-30,10,1.5,5.0,1
2022-08-03,atl mg,palmeiras,60-70,10,1.5,5.0,1
2022-08-04,enppi,el sharquia,20-30,10,1.57,5.7,1
2022-08-04,jonkopings,vasteras,00-10,40,1.5,20.0,0
2022-08-04,osters,utsiktens,00-10,10,1.57,5.7,1
2022-08-04,brondby,basel,20-30,10,1.5,5.0,1
2022-08-04,el masry,tales,30-40,40,1.5,20.0,0
2022-08-04,breidablik,basaksehir,60-70,10,1.53,5.3,1
2022-08-04,melgar,inter,00-10,10,1.53,5.3,1
2022-08-04,melgar,inter,10-20,10,1.5,5.0,1
2022-08-04,brusque,sampaio,20-30,10,1.5,5.0,1
2022-08-04,brusque,sampaio,30-40,10,1.5,5.0,1
2022-08-04,brusque,sampaio,60-70,10,1.5,5.0,1
2022-08-04,morelia,correcaminos,10-20,10,1.53,5.3,1
2022-08-04,melgar,inter,60-70,10,1.44,4.4,0
2022-08-04,crb,ponte preta,00-10,10,1.53,5.3,1
2022-08-04,real espanha,real betis,60-70,10,1.5,5.0,1
2022-08-04,athletico,estudiantes,10-20,10,1.57,5.7,1
2022-08-04,athletico,estudiantes,60-70,10,1.5,5.0,1
2022-08-05,cagliari,perugia,0,10,1.57,5.7,1
2022-08-05,sezana,cejle,0,10,1.5,5.0,1
2022-08-05,austria,kapfenberg,0,10,1.57,5.7,1
2022-08-05,sandhausen,dusseldorf,0,10,1.53,5.3,1
2022-08-05,hvidovre,hillerod,0,10,1.66,6.6,1
2022-08-05,randers,horsens,0,10,1.57,5.7,1
2022-08-05,sandhausen,dusseldorf,0,40,1.5,20.0,0
2022-08-05,lafnitz,floridsdorfer,0,10,1.57,5.7,1
2022-08-05,lecce,cittadela,0,10,1.53,5.3,1
2022-08-05,operario,nautico,0,10,1.5,5.0,1
2022-08-05,nacional,rentistas,0,10,1.5,5.0,1
2022-08-05,caballero,tacuary,0,10,1.61,6.1,1
2022-08-05,guarani,gremio,0,10,1.5,5.0,1
2022-08-05,universitario,cumbaya,0,40,1.5,20.0,0
2022-08-06,suburbs,brisbane,0,10,1.5,5.0,1
2022-08-06,nordsjaelland,viborg,0,10,1.5,5.0,1
2022-08-06,pisa,brescia,0,10,1.5,5.0,1
2022-08-06,rosenborg,ham-kam,0,10,1.5,5.0,1
2022-08-06,reid,sturm,0,40,1.5,20.0,0
2022-08-06,everton,chelsea,0,10,1.5,5.0,1
2022-08-06,dortmund,leverkusen,0,10,1.5,5.0,1
2022-08-06,pisa,brescia,0,10,1.53,5.3,1
2022-08-06,everton,chelsea,0,10,1.72,7.2,1
2022-08-06,cerro,wanderers,0,10,1.44,4.4,1
2022-08-06,cantolao,sporting,0,10,1.5,5.0,1
2022-08-06,rostock,biefield,0,10,1.57,5.7,1
2022-08-06,clemont,psg,0,10,1.5,5.0,1
2022-08-06,atlanta,seattle,0,10,1.5,5.0,1
2022-08-06,botafogo,ceara,0,10,1.53,5.3,1
2022-08-06,botafogo,ceara,0,10,1.5,5.0,1
2022-08-06,binacional,ayaucho,0,10,1.5,5.0,1
2022-08-06,empoli,spal,0,10,1.57,5.7,1
2022-08-06,botafogo,ceara,0,10,1.83,8.3,1
2022-08-06,avaí,corinthians,0,10,1.61,6.1,1
2022-08-06,cruzeiro,tombense,0,40,1.5,20.0,0
2022-08-06,atl go,bragantino,0,10,1.5,5.0,1
2022-08-06,avaí,corinthians,0,10,1.5,5.0,1
2022-08-06,sp,flamengo,0,10,2.0,10.0,1
2022-08-06,avaí,corinthians,0,10,1.85,8.5,1
2022-08-06,charlotte,chicago,0,40,1.5,20.0,0
2022-08-06,timbers,dallas,0,10,1.5,5.0,1
2022-08-07,zurich,sion,0,10,1.5,5.0,1
2022-08-07,veijle,nykobing,0,10,1.61,6.1,1
2022-08-07,stabaek,brann,0,10,1.5,5.0,1
2022-08-07,man united,brighton,0,10,1.5,5.0,1
2022-08-07,stuttgart,leipzig,0,10,1.61,6.1,1
2022-08-07,fenix,torque,0,10,1.5,5.0,1
2022-08-07,copenhagen,brondby,0,10,1.57,5.7,1
2022-08-07,montpellier,troyes,0,10,1.57,5.7,1
2022-08-07,fenix,torque,0,40,1.5,20.0,0
2022-08-07,venezia,ascoli,0,10,1.57,5.7,1
2022-08-07,santa clara,casa pia,0,10,1.44,4.4,1
2022-08-07,venezia,ascoli,0,10,1.44,4.4,1
2022-08-07,rennes,lorient,0,10,1.5,5.0,0
2022-08-07,slavia,fastav,0,10,1.5,5.0,1
2022-08-07,giresunspor,demirspor,0,10,1.5,5.0,1
2022-08-07,valerenga,aalesund,0,10,1.5,5.0,1
2022-08-07,danubio,maldonado,0,10,1.5,5.0,1
2022-08-07,flu,cuiaba,0,10,1.57,5.7,1
2022-08-07,palmeiras,goiás,0,10,1.5,5.0,1
2022-08-07,newells,colon,0,10,1.5,5.0,0
2022-08-07,aurora,univ sucre,0,10,1.44,4.4,1
2022-08-08,wisla,miedz,0,10,1.5,5.0,1
2022-08-08,varbergs,gotemburgo,0,10,1.5,5.0,1
2022-08-08,botosani,farul,0,10,1.57,5.7,1
2022-08-08,ankaragucu,konyaspor,0,10,1.61,6.1,1
2022-08-08,bologna,consenza,0,10,1.61,6.1,1
2022-08-08,caen,metz,0,10,1.53,5.3,1
2022-08-08,ankaragucu,konyaspor,0,10,1.53,5.3,1
2022-08-08,coritiba,santos,0,10,1.5,5.0,0
2022-08-08,coritiba,santos,0,10,2.0,10.0,1
2022-08-08,atlanta,chacarita,0,25,1.5,12.5,0
2022-08-08,barranquilha,leones,0,10,1.44,4.4,1
2022-08-09,nanjing,beijing,0,10,1.61,6.1,1
2022-08-09,suburbs,gold coast,0,10,1.61,6.1,1
2022-08-09,viktoria,sheriff,0,10,1.53,5.3,1
2022-08-09,skovde,osters,0,10,1.5,5.0,1
2022-08-09,norrby,brage,0,10,1.5,5.0,1
2022-08-09,sturm,dynamo,0,10,1.53,5.3,1
2022-08-09,zamalek,makasa,0,10,1.57,5.7,1
2022-08-09,bank of egypt,pharco,0,10,1.66,6.6,1
2022-08-09,bank of egypt,pharco,0,10,1.61,6.1,1
2022-08-09,cucuta,boyaca,0,10,1.66,6.6,1
2022-08-09,gremio,operario,0,10,1.53,5.3,1
2022-08-09,ponte preta,vasco,0,10,1.5,5.0,1
2022-08-09,csa,brusque,0,10,1.5,5.0,1
2022-08-09,ny red bulls,atlanta,0,10,1.5,5.0,1
2022-08-09,flamengo,corinthians,0,10,1.5,5.0,1
2022-08-10,al arab,el gounah,20-30,40,1.5,20.0,0
2022-08-10,al ahly,masry,00-10,10,1.66,6.6,1
2022-08-10,real madrid,frankfurt,gols,10,1.57,5.7,1
2022-08-10,real madrid,frankfurt,50-60,40,1.5,20.0,0
2022-08-10,ceara,sp,20-30,10,1.53,5.3,1
2022-08-10,ceara,sp,60-70,10,1.5,5.0,1
2022-08-10,palmeiras,atl mg,60-70,10,1.5,5.0,1
2022-08-11,helsinki,maribor,20-30,10,1.57,5.7,1
2022-08-11,ismaily,sakandary,20-30,10,1.61,6.1,1
2022-08-11,zurich,linfield,10-20,10,1.5,5.0,1
2022-08-11,basel,brondby,10-20,40,1.5,20.0,0
2022-08-11,rapid,baku,20-30,10,1.5,5.0,1
2022-08-11,az,dundee,10-20,10,1.5,5.0,1
2022-08-11,montevideo,atl fênix,00-10,10,1.57,5.7,1
2022-08-11,inter,melgar,00-10,10,1.57,5.7,1
2022-08-11,tapatio,raya,60-70,10,1.53,5.3,1
2022-08-11,univ sacre,nac potosí,60-70,10,1.57,5.7,1
2022-08-11,estudiantes,athletico pr,60-70,10,1.5,5.0,1
2022-08-11,estudiantes,athletico pr,Other,10,1.8,8.0,1
2022-08-11,queretaro,atl san luis,60-70,10,1.5,5.0,1
2022-08-12,haka,oulu,20-30,40,1.5,20.0,0
2022-08-12,hobro,sodersjyske,00-10,10,1.57,5.7,1
2022-08-12,fredericia,vejle,00-10,10,1.61,6.1,1
2022-08-12,horsens,midtjylland,00-10,10,1.61,6.1,1
2022-08-12,nantes,lille,00-10,40,1.5,20.0,1
2022-08-12,watford,burnley,60-70,10,1.5,5.0,0
2022-08-12,metropolitano,est. merida,gols,10,1.66,6.6,1
2022-08-12,ny red bulls,charleston,20-30,10,1.57,5.7,1
2022-08-12,bahia,ituano,00-10,10,1.5,5.0,1
2022-08-12,coquimbo,cobresal,gols,10,1.57,5.7,1
2022-08-12,patronato,san lorenzo,20-30,40,1.5,20.0,0
2022-08-12,bucaramanga,magdalena,20-30,10,1.61,6.1,1
2022-08-12,runa,orense,20-30,10,1.5,5.0,0
2022-08-12,orange,phx,00-10,10,1.57,5.7,1
2022-08-13,nyboking,vendsyssel,00-10,40,1.5,20.0,0
2022-08-13,aston villa,everton,60-70,10,1.44,4.4,1
2022-08-13,leipzig,koln,10-20,10,1.57,5.7,1
2022-08-13,monaco,rennes,20-30,10,1.5,5.0,0
2022-08-13,sion,grasshoppers,10-20,10,1.53,5.3,1
2022-08-13,eibar,tenerife,60-70,10,1.53,5.3,1
2022-08-13,brentford,man united,20-30,10,1.5,5.0,0
2022-08-13,schalke,gladbach,10-20,10,1.44,4.4,1
2022-08-13,valladolid,villareal,20-30,10,1.57,5.7,1
2022-08-13,rapid,amstetten,00-10,10,1.53,5.3,1
2022-08-13,rapid,amstetten,20-30,10,1.57,5.7,1
2022-08-13,goiás,avaí,20-30,10,1.5,5.0,1
2022-08-13,monza,torino,60-70,10,1.5,5.0,1
2022-08-13,strongest,palmaflor,60-70,10,1.66,6.6,1
2022-08-13,penarol,albion,60-70,10,1.5,5.0,1
2022-08-13,corinthians,palmeiras,60-70,10,1.53,5.3,1
2022-08-13,botafogo,atl go,00-10,10,1.5,5.0,1
2022-08-13,botafogo,atl go,60-70,10,1.5,5.0,0
2022-08-13,mont bay,sac rep,10-20,10,1.5,5.0,1
2022-08-14,hannover,regensburg,60-70,10,1.5,5.0,1
2022-08-14,kupio,mariehamn,10-20,10,1.5,5.0,1
2022-08-14,nttm forest,west ham,00-10,10,1.53,5.3,1
2022-08-14,mainz,union berlim,20-30,10,1.57,5.7,1
2022-08-14,coritiba,atl mg,00-10,10,1.57,5.7,1
2022-08-14,novorizontino,criciuma,00-10,10,1.53,5.3,1
2022-08-14,coritiba,atl mg,60-70,10,1.53,5.3,1
2022-08-14,chelsea,tottenham,10-20,10,1.5,5.0,1
2022-08-14,chelsea,tottenham,60-70,10,1.44,4.4,1
2022-08-14,inter,flu,70-80,10,1.44,4.4,1
2022-08-14,nublense,union espanola,20-30,10,1.53,5.3,1
2022-08-14,racing,boca,70-80,10,1.5,5.0,0
2022-08-14,nublense,union espanola,50-60,10,1.5,5.0,1
2022-08-15,voluntari,sepsi,10-20,10,1.61,6.1,1
2022-08-15,lanus,newells,60-70,10,1.44,4.4,1
2022-08-15,bilbao,mallorca,50-60,10,1.53,5.3,1
2022-08-15,constanta,hermanstadt,gols,10,1.5,5.0,0
2022-08-15,constanta,hermanstadt,20-30,10,1.57,5.7,1
2022-08-15,gotemburgo,hammarby,10-20,10,1.44,4.4,1
2022-08-15,gotemburgo,hammarby,20-30,10,1.44,4.4,1
2022-08-15,konyaspor,basaksehir,70-80,10,1.5,5.0,0
2022-08-15,aarhus,lyngby,60-70,10,1.53,5.3,1
2022-08-15,juventus,sassuolo,00-10,40,1.5,20.0,0
2022-08-15,cartagena,ponferradina,60-70,10,1.53,5.3,1
2022-08-15,aurora,royal pari,20-30,10,1.44,4.4,1
2022-08-15,la equidad,cali,60-70,10,1.57,5.7,1
2022-08-16,mp,ktp,20-30,10,1.44,4.4,1
2022-08-16,mineros,ca la paz,20-30,10,1.44,4.4,1
2022-08-16,san miguelito,tauro,30-40,10,1.61,6.1,1
2022-08-16,audax,univ. catolica,Other,10,1.7,7.0,1
2022-08-16,atlas,juarez,20-30,10,1.61,6.1,1
2022-08-16,independiente,huracan,30-40,10,1.5,5.0,0
2022-08-16,mazatlan,queretaro,20-30,10,1.57,5.7,1
2022-08-17,al sahadd,al ahly,70-80,10,1.5,5.0,0
2022-08-17,hillerod,fredericia,10-20,10,1.57,5.7,1
2022-08-17,hillerod,fredericia,30-40,10,1.5,5.0,1
2022-08-17,al shamal,al gharafa,10-20,10,1.66,6.6,1
2022-08-17,vejle,naestved,10-20,10,1.53,5.3,1
2022-08-17,vejle,naestved,20-30,10,1.57,5.7,1
2022-08-17,qarabag,viktoria,50-60,40,1.5,20.0,0
2022-08-17,torshavn,runavik,60-70,10,1.4,4.0,1
2022-08-17,qarabag,viktoria,Other,10,1.5,5.0,0
2022-08-17,kolubara,radnicki,gols,10,1.5,5.0,0
2022-08-17,dynamo kiev,benfica,00-10,10,1.53,5.3,1
2022-08-17,dynamo kiev,benfica,10-20,10,1.5,5.0,1
2022-08-17,maccabi haifa,zvezda,10-20,10,1.57,5.7,1
2022-08-17,maccabi haifa,zvezda,30-40,10,1.5,5.0,0
2022-08-17,newells,lanus,gols,10,1.83,8.3,1
2022-08-17,maccabi haifa,zvezda,60-70,40,1.5,20.0,0
2022-08-17,antofagasta,curico,gols,10,1.83,8.3,1
2022-08-17,tigre,atl tucuman,60-70,10,1.57,5.7,1
2022-08-17,criciuma,operario,00-10,10,1.53,5.3,1
2022-08-17,oeste,operario,20-30,10,1.57,5.7,1
2022-08-17,nublense,colo colo,20-30,10,1.53,5.3,1
2022-08-17,flu,fortaleza,00-10,10,1.53,5.3,1
2022-08-17,flu,fortaleza,10-20,10,1.44,4.4,1
2022-08-17,athletico pr,flamengo,00-10,10,1.5,5.0,1
2022-08-17,o'higgins,union espanola,60-70,10,1.44,4.4,1
2022-08-18,estudiantes,arg jrs,60-70,10,1.53,5.3,1
2022-08-18,helsinki,silkerborg,20-30,10,1.53,5.3,1
2022-08-18,maccabi tel aviv,nice,00-10,10,1.57,5.7,1
2022-08-18,zurich,hearts,20-30,10,1.53,5.3,1
2022-08-18,barracas,defensa y justicia,00-10,10,1.57,5.7,1
2022-08-18,univ craiova,hapoel beer,20-30,10,1.66,6.6,1
2022-08-18,vaduz,rapid vienna,20-30,40,1.5,20.0,0
2022-08-18,west ham,viborg,00-10,10,1.57,5.7,1
2022-08-18,future,ceramica,60-70,10,1.61,6.1,1
2022-08-18,atletico cali,tigres,60-70,10,1.53,5.3,1
2022-08-18,alajuelense,alianza panamá,00-10,10,1.57,5.7,1
2022-08-18,america mg,sp,20-30,10,1.57,5.7,1
2022-08-18,csa,vasco,60-70,10,1.44,4.4,1
2022-08-18,alajuelense,alianza panamá,30-40,10,1.5,5.0,0
2022-08-18,banfield,racing,30-40,10,1.5,5.0,0
2022-08-18,pumas,atlante,60-70,10,1.5,5.0,1
2022-08-19,mioveni,arges,10-20,10,1.66,6.6,1
2022-08-19,mioveni,arges,20-30,40,1.5,20.0,0
2022-08-19,lyngby,copenhagen,20-30,10,1.57,5.7,1
2022-08-19,legia,gornik,10-20,10,1.5,5.0,1
2022-08-19,estoril,rio ave,20-30,10,1.57,5.7,1
2022-08-19,gladbach,hertha,60-70,10,1.57,5.7,1
2022-08-19,bari,palermo,60-70,10,1.57,5.7,1
2022-08-19,sevilla,valladoid,20-30,10,1.5,5.0,1
2022-08-19,norwich,millwall,60-70,10,1.57,5.7,1
2022-08-19,estoril,rio ave,70-80,10,1.5,5.0,0
2022-08-19,resistencia,ameliano,10-20,10,1.57,5.7,1
2022-08-19,sevilla,valladoid,60-70,10,1.57,5.7,1
2022-08-19,ituano,novorizontino,00-10,10,1.53,5.3,1
2022-08-19,tomayapo,aurora,10-20,10,1.53,5.3,1
2022-08-19,cerrito,cerro,00-10,10,1.57,5.7,1
2022-08-19,sol de america,guairena,10-20,40,1.5,20.0,0
2022-08-19,instituto,belgrano,10-20,10,1.57,5.7,1
2022-08-20,ponte preta,guarani,00-10,10,1.53,5.3,1
2022-08-20,santa clara,arouca,10-20,10,1.57,5.7,1
2022-08-20,everton,nttm forest ++,60-70,10,2.0,10.0,1
2022-08-20,gijón,andorra,20-30,10,1.72,7.2,1
2022-08-20,bodo/glimt,hamkam,20-30,10,1.44,4.4,1
2022-08-20,hatayspor,gaziantep,30-40,10,1.57,5.7,1
2022-08-20,boleslav,sparta prague,10-20,10,1.53,5.3,1
2022-08-20,sturm graz,lask linz,20-30,40,1.5,20.0,0
2022-08-20,dep. municipal,alianza atl,00-10,10,1.57,5.7,1
2022-08-20,amiens,bastia,60-70,10,1.57,5.7,1
2022-08-20,atl fênix,river plate,60-70,10,1.5,5.0,1
2022-08-20,atl mg,goiás,00-10,40,1.5,20.0,0
2022-08-20,celta de vigo,real madrid,00-10,10,1.61,6.1,1
2022-08-20,ascoli,spal,50-60,10,1.5,5.0,1
2022-08-20,atl mg,goiás,30-40,10,1.5,5.0,0
2022-08-20,bolivar,oriente petrolero,20-30,10,1.57,5.7,1
2022-08-20,fluminense,coritiba,00-10,10,1.53,5.3,1
2022-08-20,fluminense,coritiba,20-30,10,1.53,5.3,1
2022-08-20,bolivar,oriente petrolero,60-70,10,1.5,5.0,1
2022-08-20,hartford,miami,10-20,10,1.53,5.3,1
2022-08-21,west ham,brighton,10-20,10,1.5,5.0,1
2022-08-21,nordsjaelland,silkeborg,60-70,10,1.53,5.3,1
2022-08-21,leeds,chelsea,20-30,10,1.5,5.0,1
2022-08-21,liberec,budejovice,20-30,10,1.53,5.3,1
2022-08-21,frankfurt,köln,60-70,10,1.5,5.0,1
2022-08-21,juventude,botafogo,60-70,10,1.5,5.0,1
2022-08-21,casa pia,boavista,60-70,40,1.5,20.0,0
2022-08-21,sundsvall,helsingborg,60-70,10,1.44,4.4,1
2022-08-21,valerenga,tromso,60-70,40,1.5,20.0,0
2022-08-21,atletico madrid,villareal,10-20,10,1.57,5.7,1
2022-08-21,atletico madrid,villareal,20-30,10,1.57,5.7,1
2022-08-21,palmeiras,flamengo,00-10,10,1.57,5.7,1
2022-08-21,unión española,o'higgins,10-20,10,1.5,5.0,1
2022-08-21,unión española,o'higgins,20-30,10,1.5,5.0,1
2022-08-21,atl. morélia,cimarrones,10-20,10,1.53,5.3,1
2022-08-21,atl. morélia,cimarrones,20-30,10,1.53,5.3,1
2022-08-22,arg jrs,patronato,50-60,10,1.53,5.3,1
2022-08-22,groud,skeid,10-20,10,1.5,5.0,1
2022-08-22,roufoss,kongsvinger,20-30,10,1.44,4.4,1
2022-08-22,leiknir,kr,00-10,40,1.5,20.0,0
2022-08-22,albion,plaza,00-10,10,1.57,5.7,1
2022-08-22,albion,plaza,10-20,10,1.57,5.7,1
2022-08-22,man unit,liverpool,10-20,10,1.5,5.0,1
2022-08-22,man unit,liverpool,20-30,10,1.5,5.0,1
2022-08-22,man unit,liverpool,30-40,10,1.5,5.0,1
2022-08-22,albion,plaza,60-70,10,1.57,5.7,1
2022-08-22,sampdoria,juventus,60-70,10,1.61,6.1,1
2022-08-22,univ chile,cobresal,20-30,10,1.53,5.3,1
2022-08-22,dep maldonado,penarol,30-40,10,1.61,6.1,1
2022-08-22,avai,inter,10-20,10,1.5,5.0,1
2022-08-22,avai,inter,20-30,10,1.5,5.0,1
2022-08-22,dep maldonado,penarol,70-80,10,1.61,6.1,1
2022-08-22,avai,inter,60-70,10,1.44,4.4,1
2022-08-22,velez,sarmiento,10-20,10,1.57,5.7,1
2022-08-22,platense,talleres,10-20,10,1.5,5.0,0
2022-08-22,guayaquill,ind. del valle,60-70,10,1.53,5.3,1
2022-08-22,velez,sarmiento,60-70,10,1.5,5.0,1
2022-08-22,roma,cremonese,60-70,10,1.5,5.0,1
2022-08-23,central,river,20-30,10,1.57,5.7,1
2022-08-23,al rayan,al ahli,20-30,40,1.5,20.0,0
2022-08-23,central,river,60-70,10,1.44,4.4,1
2022-08-23,santa fe,estudiantes,60-70,10,1.44,4.4,1
2022-08-23,al saad,al gharafa,20-30,10,1.66,6.6,1
2022-08-23,orebro,skovde,10-20,10,1.5,5.0,1
2022-08-23,bolton,aston villa,00-10,10,1.57,5.7,1
2022-08-23,patronato,argentinos jrs,20-30,10,1.66,6.6,1
2022-08-23,patronato,argentinos jrs,60-70,10,1.66,6.6,1
2022-08-23,herediano,pacific,00-10,10,2.0,10.0,1
2022-08-23,sport,chape,60-70,10,1.5,5.0,0
2022-08-23,la paz,raya,10-20,10,1.57,5.7,1
2022-08-24,umm salal,al sailiya,60-70,10,1.57,5.7,1
2022-08-24,helsingborg,lyngby,10-20,10,1.53,5.3,1
2022-08-24,helsingborg,lyngby,20-30,10,1.57,5.7,1
2022-08-24,al shamal,al arab,10-20,10,1.66,6.6,1
2022-08-24,al shamal,al arab,gols,10,1.5,5.0,0
2022-08-24,al ahly,enppi,10-20,40,1.5,20.0,0
2022-08-24,tranmere,newcastle,00-10,10,1.57,5.7,1
2022-08-24,trabzonspor,copenhagen,10-20,10,2.28,12.8,1
2022-08-24,trabzonspor,copenhagen,60-70,10,1.53,5.3,1
2022-08-24,guabira,tomayapo,60-70,10,1.57,5.7,1
2022-08-24,trabzonspor,copenhagen,Other,10,1.5,5.0,0
2022-08-24,univ sucre,palmaflor,10-20,10,1.57,5.7,1
2022-08-24,celaya,cimarrones,20-30,10,1.57,5.7,1
2022-08-24,flu,corinthians,Other,10,2.5,15.0,1
2022-08-24,flu,corinthians,10-20,10,1.5,5.0,1
2022-08-24,flu,corinthians,20-30,10,1.5,5.0,1
2022-08-24,univ sucre,palmaflor,60-70,10,1.53,5.3,1
2022-08-24,flu,corinthians,60-70,10,1.44,4.4,1
2022-08-24,sp,flamengo,Other,10,1.5,5.0,0
2022-08-24,quilmes,belgrano,10-20,10,1.61,6.1,1
2022-08-24,quilmes,belgrano,20-30,10,1.57,5.7,1
2022-08-24,sp,flamengo,20-30,10,1.44,4.4,1
2022-08-24,tulsa,hartford,20-30,10,1.57,5.7,1
2022-08-24,cibao,motagua,60-70,10,2.0,10.0,1
2022-08-24,dorados,alacranes,30-40,10,1.57,5.7,1
2022-08-25,kpv,tps,20-30,25,1.5,12.5,0
2022-08-25,zalgiris,ludogorets,20-30,10,1.5,5.0,1
2022-08-25,silkeborg,helsinki,00-10,10,1.57,5.7,1
2022-08-25,kpv,tps,60-70,10,1.5,5.0,1
2022-08-25,silkeborg,helsinki,20-30,40,1.5,20.0,0
2022-08-25,cluj,maribor,10-20,10,1.61,6.1,1
2022-08-25,hapoel,craiova,20-30,10,1.61,6.1,1
2022-08-25,sivasspor,malmo,30-40,10,1.61,6.1,1
2022-08-25,nice,maccabi,00-10,10,1.57,5.7,1
2022-08-25,nice,maccabi,20-30,10,1.53,5.3,1
2022-08-25,rapid,vaduz,10-20,10,1.44,4.4,1
2022-08-25,hearts,zurich,20-30,10,1.53,5.3,1
2022-08-25,slovan,mostar,60-70,10,1.44,4.4,1
2022-08-25,always ready,j. wilstermann,60-70,10,1.44,4.4,1
2022-08-25,hearts,zurich,70-80,10,1.57,5.7,1
2022-08-25,tapatio,cancun,10-20,10,1.57,5.7,1
2022-08-25,vila nova,sampaio correa,20-30,10,1.53,5.3,1
2022-08-25,tapatio,cancun,20-30,10,1.57,5.7,1
2022-08-25,potosi,ind petrolero,20-30,10,1.5,5.0,1
2022-08-25,potosi,ind petrolero,60-70,10,1.4,4.0,1
2022-08-25,pachuca,atlas,20-30,10,1.61,6.1,1
2022-08-26,sagan tusu,fukuoka,20-30,10,1.66,6.6,1
2022-08-26,cannons,heidelberg,20-30,10,1.57,5.7,1
2022-08-26,green gully,bentleigh,60-70,10,1.44,4.4,1
2022-08-26,lahti,meriehnamn,10-20,40,1.5,20.0,0
2022-08-26,gornik,bialystok,20-30,10,1.44,4.4,1
2022-08-26,dalkurd,brage,10-20,40,1.5,20.0,0
2022-08-26,horsens,aarhus,10-20,10,1.5,5.0,1
2022-08-26,nykobing,hobro,30-40,10,1.61,6.1,1
2022-08-26,eindhoven,az,00-10,10,1.53,5.3,1
2022-08-26,girona,celta,20-30,10,1.72,7.2,1
2022-08-26,lazio,inter,10-20,10,1.57,5.7,1
2022-08-26,luton,sheff,10-20,10,1.5,5.0,1
2022-08-26,freiburg,bochum,60-70,10,1.61,6.1,1
2022-08-26,lazio,inter,60-70,10,1.53,5.3,1
2022-08-26,paços,estoril,70-80,10,1.53,5.3,1
2022-08-26,gremio,ituano,Other,10,1.5,5.0,0
2022-08-26,gremio,ituano,00-10,10,1.57,5.7,1
2022-08-26,boston,atl fênix,10-20,10,1.57,5.7,1
2022-08-26,gremio,ituano,60-70,40,1.5,20.0,0
2022-08-26,oxaca,morelia,60-70,10,1.5,5.0,1
2022-08-26,boston,atl fênix,60-70,10,1.57,5.7,1
2022-08-26,general caballero,cerro,10-20,10,1.57,5.7,1
2022-08-26,instituto,vila dalmine,70-80,10,1.57,5.7,1
2022-08-26,everton,la serena,00-10,40,1.5,20.0,0
2022-08-27,bordeaux,guingamp,20-30,40,1.5,20.0,0
2022-08-27,mainz,leverkusen,10-20,10,1.57,5.7,1
2022-08-27,man city,crystal palace,00-10,10,1.53,5.3,1
2022-08-27,lustenau,salzburg,00-10,10,1.53,5.3,1
2022-08-27,brighton,leeds,60-70,10,1.5,5.0,1
2022-08-27,leicester,chelsea,60-70,10,1.5,5.0,1
2022-08-27,elche,real sociedad,20-30,10,1.61,6.1,1
2022-08-27,jerv,bodo,00-10,40,1.5,20.0,0
2022-08-27,arsenal,fulham,00-10,10,1.57,5.7,1
2022-08-27,arsenal,fulham,20-30,10,1.5,5.0,1
2022-08-27,boavista,benfica,20-30,10,1.5,5.0,1
2022-08-27,quevilly,pau,60-70,10,1.57,5.7,1
2022-08-27,nurberg,hamburgo,10-20,10,1.5,5.0,1
2022-08-27,milan,bologna,10-20,10,1.53,5.3,1
2022-08-27,goias,atl go,00-10,10,1.57,5.7,1
2022-08-27,coritiba,avai,00-10,10,1.5,5.0,1
2022-08-27,coritiba,avai,20-30,10,1.5,5.0,1
2022-08-27,lenns,rennes,60-70,10,1.57,5.7,1
2022-08-27,vinto,guabira,70-80,10,1.53,5.3,1
2022-08-27,operario,csa,00-10,10,1.44,4.4,1
2022-08-27,torque,nacional,00-10,10,1.53,5.3,1
2022-08-27,flu,palmeiras,00-10,40,1.5,20.0,0
2022-08-27,flu,palmeiras,gols,10,1.5,5.0,0
2022-08-27,flu,palmeiras,60-70,10,1.57,5.7,1
2022-08-28,koln,stuttgart,20-30,10,1.5,5.0,1
2022-08-28,aston villa,west ham,60-70,10,1.5,5.0,0
2022-08-28,vaasa,hifk,20-30,10,1.5,5.0,1
2022-08-28,silkeborg,odense,00-10,10,1.57,5.7,1
2022-08-28,sp,fortaleza,00-10,10,1.57,5.7,1
2022-08-28,botafogo,flamengo,60-70,10,1.5,5.0,1
2022-08-29,mjondalen,sandness,00-10,10,1.57,5.7,1
2022-08-29,start,grorud,20-30,40,1.5,20.0,0
2022-08-29,konyanspor,fenerbahce,30-40,10,1.5,5.0,0
2022-08-29,djugarden,elfsborg,00-10,10,1.5,5.0,1
2022-08-29,brondby,midtjylland,20-30,10,1.5,5.0,1
2022-08-29,como,brescia,00-10,10,1.5,5.0,1
2022-08-29,inter,juventude,00-10,10,1.57,5.7,1
2022-08-29,corinthains,rb,00-10,10,1.57,5.7,1
2022-08-29,corinthains,rb,30-40,10,1.5,5.0,0
2022-08-29,corinthains,rb,60-70,10,1.5,5.0,1
2022-08-30,fastav,pardubice,00-10,10,1.57,5.7,1
2022-08-30,sassuolo,milan,10-20,10,1.53,5.3,1
2022-08-30,cralova,sepsi,60-70,10,1.53,5.3,1
2022-08-30,jablonec,s. de praga,00-10,10,1.57,5.7,1
2022-08-30,leeds,everton,00-10,10,1.53,5.3,1
2022-08-30,benfica,paços de f.,00-10,10,1.57,5.7,1
2022-08-30,c. palace,brentford,60-70,10,1.53,5.3,1
2022-08-30,sport,novorizontino,00-10,10,1.53,5.3,1
2022-08-30,cap,palmeiras,10-20,10,1.5,5.0,1
2022-08-30,tombense,brusque,Other,10,1.57,5.7,0
2022-08-31,tuzla city,siroki,20-30,10,1.57,5.7,1
2022-08-31,viktoria plzen,slovacko,00-10,10,1.53,5.3,1
2022-08-31,cluj,voluntari,00-10,10,1.72,7.2,1
2022-08-31,al-arab doha,al duhail,20-30,10,1.62,6.2,1
2022-08-31,vasco,guarani,20-30,10,1.5,5.0,1
2022-08-31,alacranes,atlante,Other,10,1.61,6.1,1
2022-08-31,philadelphia,atlanta utd,00-10,10,1.57,5.7,1
2022-08-31,orlando city,seattle,00-10,10,1.53,5.3,1
2022-08-31,valour,forge,10-20,40,1.53,21.2,0
2022-08-31,ponte preta,bahia ++,00-10,10,2.0,10.0,1
2022-08-31,ind. del valle,melgar,20-30,10,1.53,5.3,1
2022-08-31,velez,flamengo,60-70,10,1.44,4.4,1
2022-09-01,botosani,pitesi,20-30,10,1.66,6.6,1
2022-09-01,hvdovre,hobro,00-10,40,1.5,20.0,1
2022-09-01,sandvikens,sirius,gols,10,1.5,5.0,0
2022-09-01,klasvik,torshavin,00-10,10,1.57,5.7,1
2022-09-01,az,nec,20-30,10,1.57,5.7,1
2022-09-01,anderlecht,gent,10-20,10,1.57,5.7,1
2022-09-01,atalanta,torino,00-10,10,1.57,5.7,1
2022-09-01,bologna,salernitana,00-10,10,1.57,5.7,1
2022-09-01,leicester,man united,00-10,10,1.53,5.3,1
2022-09-01,leicester,man united,20-30,40,1.5,20.0,0
2022-09-01,anderlecht,gent,60-70,10,1.5,5.0,1
2022-09-01,bologna,salernitana,60-70,10,1.5,5.0,1
2022-09-01,anderlecht,gent,Other,10,1.5,5.0,0
2022-09-01,leicester,man united,60-70,10,1.5,5.0,0
2022-09-01,aurora,blooming,00-10,10,1.57,5.7,1
2022-09-01,atl go,sp,20-30,10,1.5,5.0,1
2022-09-02,helsingor,nyboking,00-10,10,1.57,5.7,1
2022-09-02,horn,liefering,60-70,40,1.5,20.0,0
2022-09-02,cagliari,moderna,00-10,40,1.5,20.0,0
2022-09-02,benfica,vizela,70-80,10,2.1,11.0,1
2022-09-02,estoril,sporting,00-10,40,1.5,20.0,1
2022-09-02,nautico,ituano,00-10,10,1.5,5.0,1
2022-09-02,resistencia,gen. caballero,20-30,10,1.57,5.7,1
2022-09-02,emelec,cumbaya,10-20,10,1.57,5.7,1
2022-09-02,emelec,cumbaya,20-30,10,1.5,5.0,1
2022-09-02,resistencia,gen. caballero,70-80,10,1.53,5.3,1
2022-09-03,ternana,cosenza,60-70,10,1.53,5.3,1
2022-09-03,union berlim,bayern,10-20,10,1.5,5.0,1
2022-09-03,albion,torque,10-20,10,1.5,5.0,1
2022-09-03,chelsea,west ham,10-20,10,1.53,5.3,1
2022-09-03,genoa,parma,20-30,10,1.57,5.7,1
2022-09-03,leverkusen,freiburg,60-70,10,1.5,5.0,1
2022-09-03,bodo,molde,00-10,10,1.5,5.0,1
2022-09-03,milan,inter,20-30,10,1.53,5.3,1
2022-09-03,milan,inter,Other,10,1.5,5.0,0
2022-09-03,armstetten,blau weiss,00-10,10,1.53,5.3,1
2022-09-03,dep municipal,sporting,10-20,10,1.5,5.0,1
2022-09-03,athletico,flu,00-10,10,1.53,5.3,1
2022-09-03,bragantino,palmeiras,00-10,10,1.5,5.0,1
2022-09-03,bahia,tombense,00-10,10,1.57,5.7,1
2022-09-03,bragantino,palmeiras,20-30,10,1.57,5.7,1
2022-09-03,america mg,coritiba,30-40,10,1.5,5.0,1
2022-09-03,gualaceo,barcelona,20-30,10,1.61,6.1,1
2022-09-04,flamengo,ceara,00-10,40,1.44,17.6,1
2022-09-04,horsens,brondby,10-20,40,1.5,20.0,0
2022-09-04,antwerp,westerlo,00-10,10,1.53,5.3,1
2022-09-04,sudtirol,pisa,10-20,10,1.61,6.1,1
2022-09-04,lask,ried,00-10,40,1.5,20.0,0
2022-09-04,bilbao,espaniol,60-70,10,1.57,5.7,1
2022-09-04,cuiaba,sp,00-10,10,1.57,5.7,1
2022-09-04,river,barracas,00-10,10,1.5,5.0,1
2022-09-04,cuiaba,sp,Other,10,2.37,13.7,1
2022-09-05,helsinki,hifk,20-30,10,1.5,5.0,0
2022-09-05,grorud,ranheim,00-10,10,1.57,5.7,1
2022-09-05,sogndal,skeid,10-20,10,1.5,5.0,1
2022-09-05,salernitana,empoli,60-70,10,1.5,5.0,1
2022-09-05,galatasaray,goziantep,70-80,10,1.5,5.0,1
2022-09-05,u. craiova,farul,60-70,10,1.53,5.3,1
2022-09-05,chaves,rio ave,10-20,10,1.5,5.0,1
2022-09-05,binacional,alianza,10-20,10,1.44,4.4,1
2022-09-05,santos,goiás,00-10,10,1.53,5.3,1
2022-09-05,def y justicia,san lorenzo,60-70,40,1.5,20.0,1
2022-09-05,delfin,universitario,30-40,10,1.66,6.6,1
2022-09-05,oriente petrolero,aurora,20-30,10,1.53,5.3,1
2022-09-06,zagreb,chelsea,10-20,40,1.5,20.0,1
2022-09-06,trelleborgs,eskilstuna,10-20,10,1.5,5.0,1
2022-09-06,trelleborgs,eskilstuna,20-30,10,1.5,5.0,1
2022-09-06,jonkopings,osters,30-40,10,1.5,5.0,1
2022-09-06,zagreb,chelsea,60-70,40,1.5,20.0,0
2022-09-06,celtic,real madrid,00-10,10,1.57,5.7,1
2022-09-06,sevilla,man city,10-20,40,1.5,20.0,0
2022-09-06,psg,juventus,20-30,40,1.5,20.0,0
2022-09-06,celtic,real madrid,50-60,10,1.5,5.0,1
2022-09-06,envigado,aguilas,50-60,10,1.61,6.1,1
2022-09-06,univ. vinto,ind. petrolero,60-70,10,1.5,5.0,0
2022-09-06,univ. vinto,ind. petrolero,20-30,10,1.53,5.3,1
2022-09-06,palmeiras,athletico,Other,10,1.5,5.0,0
2022-09-06,palmeiras,athletico,00-10,40,1.5,20.0,0
2022-09-06,vila nova,guarani,00-10,10,1.5,5.0,1
2022-09-07,yokohama,shonan,10-20,40,1.5,20.0,1
2022-09-07,jeonbuk,seoul,20-30,10,1.66,6.6,1
2022-09-07,tokyo,kyoto,20-30,10,1.53,5.3,1
2022-09-07,vissel,kashima,60-70,10,1.61,6.1,1
2022-09-07,deagu,seongnam,60-70,10,1.57,5.7,1
2022-09-07,ajax,rangers,00-10,10,1.57,5.7,1
2022-09-07,barcelona,viktoria,00-10,10,1.57,5.7,1
2022-09-07,tottenham,marselha,20-30,10,1.57,5.7,1
2022-09-07,gen caballero,guarani,30-40,10,1.5,5.0,0
2022-09-07,univ. chile,coquimbo,20-30,10,1.61,6.1,1
2022-09-07,atl mg,rbb,00-10,10,1.53,5.3,1
2022-09-07,ponte preta,sport,20-30,10,1.53,5.3,1
2022-09-07,sol de america,nacional,60-70,10,1.53,5.3,1
2022-09-07,ponte preta,sport,70-80,10,1.5,5.0,1
2022-09-07,venados,mineros,00-10,10,1.57,5.7,1
2022-09-07,audax,cobresal,00-10,10,1.61,6.1,1
2022-09-08,zurich,arsenal,00-10,10,1.57,5.7,1
2022-09-08,mohamedia,mouloudia,20-30,10,1.61,6.1,1
2022-09-08,lazio,feyenoord,00-10,40,1.5,20.0,0
2022-09-08,freiburg,qarabag,00-10,10,1.57,5.7,1
2022-09-08,molde,gent,00-10,10,1.53,5.3,1
2022-09-08,sturm graz,midyjylland,20-30,10,1.61,6.1,1
2022-09-08,colo colo,union espanola,10-20,10,1.5,5.0,1
2022-09-08,criciuma,bahia,10-20,10,1.5,5.0,1
2022-09-08,criciuma,bahia,50-60,10,1.5,5.0,1
2022-09-08,argentinos jrs,rosario central,20-30,10,1.57,5.7,1
2022-09-08,real espana,herediano,10-20,40,1.5,20.0,0
2022-09-08,cruzeiro,operario,00-10,10,1.5,5.0,1
2022-09-08,sp,atl go,10-20,10,1.44,4.4,1
2022-09-08,real espana,herediano,60-70,10,1.57,5.7,1
2022-09-08,diriangen,olimpia,10-20,10,1.57,5.7,1
2022-09-09,tetoua,tanger,20-30,10,1.72,7.2,1
2022-09-09,rosario,arg jrs,60-70,10,1.5,5.0,1
2022-09-09,austria,vorwarts,20-30,10,1.5,5.0,1
2022-09-09,nurnberg,arm bielefeld,30-40,10,1.5,5.0,1
2022-09-09,sonderjyske,hvidovre,10-20,10,1.5,5.0,1
2022-09-09,sonderjyske,hvidovre,20-30,10,1.5,5.0,1
2022-09-09,top oss,ajax,10-20,10,1.53,5.3,1
2022-09-09,floridsdorfer,rapid vienna,00-10,10,1.57,5.7,1
2022-09-09,werder bremen,augsburg,10-20,10,1.53,5.3,1
2022-09-09,werder bremen,augsburg,60-70,10,1.5,5.0,1
2022-09-09,torque,dep maldonado,20-30,10,1.57,5.7,1
2022-09-09,o'higgins,antofagasta,10-20,10,1.57,5.7,1
2022-09-09,o'higgins,antofagasta,20-30,10,1.53,5.3,1
2022-09-09,aurora,potosi,00-10,10,1.53,5.3,1
2022-09-10,vilafranquense,benfica,10-20,10,1.53,5.3,1
2022-09-10,seoul,suwon,20-30,10,1.61,6.1,1
2022-09-10,vilafranquense,benfica,20-30,10,1.5,5.0,1
2022-09-10,hannover,braunschweig,00-10,10,1.53,5.3,1
2022-09-10,brommapojkarna,landskrona,00-10,10,1.5,5.0,1
2022-09-10,paderborn,regensburg,20-30,10,1.57,5.7,1
2022-09-10,lugo,alaves,10-20,10,1.57,5.7,1
2022-09-10,parma,ternana,10-20,10,1.61,6.1,1
2022-09-10,cosenza,bari,10-20,10,1.53,5.3,1
2022-09-10,vasteras,skovde,00-10,10,1.5,5.0,1
2022-09-10,benevento,cagliari,60-70,10,1.5,5.0,1
2022-09-10,bayer,stuttgart,00-10,40,1.5,20.0,0
2022-09-10,ceara,santos,00-10,10,1.53,5.3,1
2022-09-10,inter,cuiaba,00-10,10,1.57,5.7,1
2022-09-10,nashville,galaxy,20-30,10,1.53,5.3,1
2022-09-10,alianza lima,cantolao,10-20,10,1.5,5.0,1
2022-09-10,inter,cuiaba,60-70,10,1.5,5.0,1
2022-09-10,plaza,nacional,10-20,10,1.5,5.0,1
2022-09-10,forge,cavalry,10-20,10,1.5,5.0,1
2022-09-10,nublense,palestino,00-10,40,1.5,20.0,0
2022-09-10,flu,fortaleza,00-10,10,1.53,5.3,1
2022-09-10,portuguesa,dep brasil,00-10,10,1.57,5.7,1
2022-09-10,palmeiras,juventude,10-20,10,1.5,5.0,1
2022-09-10,dallas,los angeles,20-30,10,1.53,5.3,1
2022-09-10,colorado,white caps,10-20,10,1.5,5.0,0
2022-09-11,servette,zurich,00-10,10,1.57,5.7,1
2022-09-11,hammarby,djugarden,00-10,10,1.57,5.7,1
2022-09-11,lecce,monza,10-20,10,1.57,5.7,1
2022-09-11,brondby,randers,00-10,10,1.57,5.7,1
2022-09-11,aucas,emelec,60-70,10,1.53,5.3,1
2022-09-12,kongsvinger,kfum,10-20,10,1.5,5.0,1
2022-09-12,mjondalen,skeid,20-30,40,1.53,21.2,0
2022-09-12,kalmar,hacken,00-10,10,1.5,5.0,1
2022-09-12,viborg,horsens,00-10,10,1.53,5.3,1
2022-09-12,gotemburgo,helsingborg,00-10,10,1.5,5.0,1
2022-09-12,jagiellonia,stal mielec,10-20,10,1.53,5.3,1
2022-09-12,trelleborgs,orgryte,50-60,10,1.5,5.0,1
2022-09-12,estrela,academico,60-70,10,1.44,4.4,1
2022-09-12,demirspor,trabzonspor,20-30,40,1.61,24.4,0
2022-09-12,guabira,aurora,60-70,10,1.44,4.4,1
2022-09-12,vizela,estoril,60-70,10,1.44,4.4,1
2022-09-12,ferro castil,moron,20-30,40,1.61,24.4,0
2022-09-12,real tomayapo,atletico vinto,10-20,40,1.57,22.8,0
2022-09-12,sport,bahia,00-10,40,1.5,20.0,0
2022-09-13,viktoria,inter,00-10,10,1.57,5.7,1
2022-09-13,viktoria,inter,60-70,10,1.53,5.3,1
2022-09-13,liverpool,ajax,00-10,40,1.53,21.2,0
2022-09-13,bayern,barcelona,50-60,10,1.57,5.7,0
2022-09-13,marselha,frankfurt,70-80,40,1.57,22.8,0
2022-09-13,coquimbo,audax,00-10,10,1.61,6.1,1
2022-09-13,operario,guarani,00-10,10,1.5,5.0,1
2022-09-13,deportivo,montevideo,60-70,40,1.5,20.0,0
2022-09-13,inter,columbus,00-10,10,1.57,5.7,1
2022-09-13,o'higgins,union la calera,60-70,10,1.44,4.4,1
2022-09-14,rentistas,torque,10-20,10,1.57,5.7,1
2022-09-14,milan,din zagreb,00-10,10,1.57,5.7,1
2022-09-14,milan,din zagreb,10-20,10,1.57,5.7,1
2022-09-14,shaktar,celtic,50-60,10,1.53,5.3,1
2022-09-14,shaktar,celtic,60-70,10,1.5,5.0,1
2022-09-14,shaktar,celtic,Other,10,1.5,5.0,0
2022-09-14,albion,river,20-30,10,1.57,5.7,1
2022-09-14,man city,dortmund,00-10,10,1.57,5.7,1
2022-09-14,cobresal,colo colo,10-20,10,1.61,6.1,1
2022-09-14,flamengo,sp,00-10,10,1.44,4.4,1
2022-09-15,monaco,ferencvarosi,00-10,10,1.57,5.7,1
2022-09-15,sheriff,man united,10-20,40,1.5,20.0,0
2022-09-15,qarabag,nantes,60-70,10,1.53,5.3,1
2022-09-15,liverpool,penarol,00-10,10,1.57,5.7,1
2022-09-15,liverpool,penarol,Other,10,1.5,5.0,0
2022-09-15,bodo,zurich,00-10,40,1.5,20.0,0
2022-09-15,koln,slovacko,00-10,10,1.57,5.7,1
2022-09-15,liverpool,penarol,60-70,10,1.5,5.0,1
2022-09-15,antofagasta,curico unido,10-20,10,1.53,5.3,1
2022-09-15,corinthians,flu,00-10,10,1.57,5.7,1
2022-09-15,def sportig,cerro largo,50-60,10,1.5,5.0,1
2022-09-15,def sportig,cerro largo,70-80,10,1.44,4.4,1
2022-09-15,america cali,dep pereira,Other,10,1.5,5.0,0
2022-09-16,al attihad,al dhafra,00-10,40,1.5,20.0,0
2022-09-16,braunschwreig,karlrusher,60-70,10,1.5,5.0,1
2022-09-16,brescia,benevento,00-10,10,1.57,5.7,1
2022-09-17,gil vicente,rio ave,20-30,10,1.53,5.3,1
2022-09-17,santa clara,paços de ferreira,60-70,10,1.5,5.0,1
2022-09-17,gladbach,rb leipzig,10-20,10,1.53,5.3,1
2022-09-17,dep brasil,portuguesa,00-10,10,1.57,5.7,1
2022-09-17,krakow,pogon,00-10,10,1.53,5.3,1
2022-09-17,always ready,aurora,20-30,10,1.5,5.0,1
2022-09-17,avai,atl mg,30-40,10,1.5,5.0,0
2022-09-17,fortuna,excelsior,60-70,10,1.44,4.4,1
2022-09-17,univ sucre,guabira,20-30,10,1.61,6.1,1
2022-09-17,mouloudia,rabat,60-70,10,1.61,6.1,1
2022-09-17,botafogo,coritiba,00-10,10,1.57,5.7,1
2022-09-17,botafogo,coritiba,20-30,10,1.5,5.0,1
2022-09-17,univ sucre,guabira,60-70,10,1.57,5.7,1
2022-09-17,botafogo,coritiba,70-80,10,1.5,5.0,0
2022-09-17,blooming,ind petrolero,20-30,10,1.57,5.7,1
2022-09-17,univ deportes,atl grau,20-30,10,1.5,5.0,1
2022-09-17,austin,nashville,20-30,10,1.57,5.7,1
2022-09-17,real salt lake,cincinnati,20-30,40,1.5,20.0,0
2022-09-17,austin,nashville,60-70,10,1.5,5.0,1
2022-09-18,midtjylland,copenhagen,00-10,10,1.57,5.7,1
2022-09-18,raja,tetouan,20-30,10,1.61,6.1,1
2022-09-18,hoffenheim,freiburg,10-20,10,1.53,5.3,1
2022-09-18,racing,las palmas,60-70,10,1.53,5.3,1
2022-09-18,molde,aelesund,00-10,10,1.5,5.0,1
2022-09-18,casa pia,farmalicao,60-70,10,1.5,5.0,1
2022-09-18,ceara,sao paulo,00-10,10,1.57,5.7,1
2022-09-18,fla,flu,00-10,10,1.5,5.0,1
2022-09-18,ceara,sao paulo,50-60,10,1.5,5.0,1
2022-09-18,ceara,sao paulo,Other,10,1.5,5.0,0
2022-09-18,juventude,fortaleza,00-10,10,1.57,5.7,1
2022-09-18,palmeiras,santos,00-10,40,1.5,20.0,1
2022-09-18,athletico,cuiaba,00-10,10,1.57,5.7,1
2022-09-18,platense,racing,30-40,10,1.5,5.0,1
2022-09-18,galaxy,el paso,20-30,10,1.57,5.7,1
2022-09-18,platense,racing,60-70,10,1.57,5.7,1
2022-09-18,pacific,forge,60-70,10,1.5,5.0,1
2022-09-18,america cali,patriotas,60-70,10,1.57,5.7,1
2022-09-19,sonderjyske,vendsyssel,00-10,10,1.57,5.7,1
2022-09-19,feirense,olivereinse,20-30,10,1.5,5.0,1
2022-09-19,feirense,olivereinse,30-40,10,1.5,5.0,1
2022-09-19,feirense,olivereinse,60-70,10,1.5,5.0,1
2022-09-19,feirense,olivereinse,70-80,10,2.75,17.5,1
2022-09-19,arges,cluj,60-70,10,1.53,5.3,1
2022-09-19,nac assuncion,gen caballero,20-30,10,1.57,5.7,1
2022-09-19,boston river,danubio,70-80,10,1.53,5.3,1
2022-09-19,boca jr,huracan,10-20,10,1.57,5.7,1
2022-09-19,santa fe,independiente,10-20,40,1.5,20.0,0
2022-09-19,atl go,inter,00-10,40,1.5,20.0,0
2022-09-19,torque,liverpool,10-20,40,1.5,20.0,0
2022-09-20,guarani,novorizontino,10-20,10,1.5,5.0,1
2022-09-20,san antonio,colorado,20-30,10,1.5,5.0,1
2022-09-20,once caldas,envigado,20-30,10,1.66,6.6,1
2022-09-21,rentistas,progresso,gols,10,1.5,5.0,1
2022-09-21,cortulua,dep cali,10-20,10,1.57,5.7,1
2022-09-21,cruzeiro,vasco,00-10,10,1.5,5.0,1
2022-09-21,ny red bulls,detroit city,60-70,10,1.53,5.3,1
2022-09-22,croatia,denmark,00-10,10,1.57,5.7,1
2022-09-22,belgica,wales,20-30,10,1.66,6.6,1
2022-09-22,patriotas,alianza,20-30,10,1.66,6.6,1
2022-09-22,polonia,netherlands,60-70,10,1.61,6.1,1
2022-09-22,aguilas,magdalena,20-30,10,1.57,5.7,1
2022-09-22,atl morelia,cancun,00-10,10,1.53,5.3,1
2022-09-22,atl morelia,cancun,20-30,10,1.5,5.0,1
2022-09-23,dep. maldonado,boston river,10-20,10,1.57,5.7,1
2022-09-23,dep. maldonado,boston river,20-30,10,1.57,5.7,1
2022-09-23,londrina,ponte preta,00-10,10,1.5,5.0,1
2022-09-24,penarol,torque,00-10,10,1.61,6.1,1
2022-09-24,river,talleres,10-20,10,1.57,5.7,1
2022-09-24,ind. del valle,macara,10-20,10,1.57,5.7,1
2022-09-25,sao caetano,xv piracicaba,00-10,10,1.53,5.3,1
2022-09-25,denmark,france,00-10,10,1.66,6.6,1
2022-09-25,wales,polonia,20-30,10,1.57,5.7,1
2022-09-25,austria,croatia,30-40,10,1.5,5.0,0
2022-09-25,netherlands,belgica,60-70,10,1.66,6.6,1
2022-09-25,austria,croatia,60-70,10,1.53,5.3,1
2022-09-25,nacional,cerro largo,00-10,10,1.61,6.1,1
2022-09-25,indy,loudoun,10-20,10,1.57,5.7,1
2022-09-25,criciuma,chape,00-10,40,1.5,20.0,0
2022-09-25,criciuma,chape,30-40,10,1.44,4.4,1
2022-09-25,racing,santa fe,60-70,10,1.57,5.7,1
2022-09-25,cerro porteno,tacuary,00-10,10,1.5,5.0,1
2022-09-25,sp,avai,00-10,40,1.5,20.0,0
2022-09-25,cerrito,def. sporting,20-30,20,1.5,10.0,1
2022-09-26,csa,tombense,00-10,40,1.5,20.0,0
2022-09-27,denmark,croatia,10-20,10,1.53,5.3,1
2022-09-27,austria,wales,00-10,40,1.5,20.0,0
2022-09-27,brasil,tunisia,Other,10,2.0,10.0,1
2022-09-27,brasil,tunisia,Other,10,2.0,10.0,1
2022-09-27,noruega,servia,00-10,10,1.61,6.1,1
2022-09-27,portugal,spain,10-20,10,1.53,5.3,1
2022-09-27,raya 2,mineros,00-10,10,1.57,5.7,1
2022-09-27,santos,athletico,00-10,10,1.57,5.7,1
2022-09-27,santos,athletico,60-70,10,1.53,5.3,1
2022-09-27,honduras,guatemala,20-30,10,1.66,6.6,1
2022-09-28,royal pari,always ready,10-20,40,1.5,20.0,0
2022-09-28,corinthians,atl go,00-10,10,1.57,5.7,1
2022-09-28,flu,juventude,00-10,10,1.53,5.3,1
2022-09-28,fortaleza,flamengo,00-10,10,1.5,5.0,1
2022-09-28,corinthians,atl go,20-30,10,1.5,5.0,1
2022-09-28,cuiaba,america mg,00-10,10,1.53,5.3,1
2022-09-28,inter,bragantino,20-30,10,1.5,5.0,1
2022-09-29,tombense,novorizontino,30-40,10,1.57,5.7,1
2022-09-29,vasco,londrina,00-10,10,1.5,5.0,1
2022-09-29,ind santa fé,nac medellin,00-10,10,1.61,6.1,1
2022-09-30,radomiak,crakow,00-10,10,1.57,5.7,1
2022-09-30,first vienna,kapfenberg,00-10,10,1.53,5.3,1
2022-09-30,sporting,gil vicente,00-10,10,1.5,5.0,0
2022-09-30,wisla,piast,gols,10,1.5,5.0,0
2022-09-30,cosenza,como,20-30,10,1.57,5.7,1
2022-09-30,mohamedia,raja,20-30,10,1.66,6.6,1
2022-09-30,plaza,liverpool,60-70,10,1.57,5.7,1
2022-09-30,guabira,jorge wilstermann,60-70,10,1.5,5.0,1
2022-10-01,jeonbuk,pohang,30-40,10,1.72,7.2,1
2022-10-01,tampines,geylang,60-70,10,1.5,5.0,1
2022-10-01,eskilstuna,orebro,10-20,10,1.5,5.0,1
2022-10-01,greuther,sandhausen,10-20,10,1.5,5.0,1
2022-10-01,holstein,hansa,10-20,10,1.5,5.0,1
2022-10-01,hearts,rangers,10-20,10,1.5,5.0,1
2022-10-01,spal,genoa,10-20,10,1.53,5.3,1
2022-10-01,vendsyssel,helsingor,10-20,10,1.57,5.7,1
2022-10-01,cittadella,ternana,20-30,10,1.57,5.7,1
2022-10-01,rapid,lafnitz,10-20,10,1.53,5.3,1
2022-10-01,nykobing,sonderjyske,30-40,10,1.53,5.3,1
2022-10-01,southampton,everton,10-20,10,1.5,5.0,1
2022-10-01,crystal palace,chelsea,10-20,10,1.5,5.0,1
2022-10-01,vizela,portimonense,20-30,10,1.53,5.3,1
2022-10-01,salzburg,lask,00-10,10,1.57,5.7,1
2022-10-01,wolfsburg,stuttgart,Other,10,2.2,12.0,1
2022-10-01,brusque,criciuma,60-70,40,1.5,20.0,0
2022-10-01,crystal palace,chelsea,60-70,40,1.5,20.0,0
2022-10-01,lillestrom,bodo,00-10,10,1.5,5.0,1
2022-10-01,chaves,estoril,00-10,10,1.57,5.7,1
2022-10-01,inter,roma,60-70,10,1.57,5.7,1
2022-10-01,ceara,américa,00-10,10,1.57,5.7,1
2022-10-01,inter,santos,00-10,10,1.5,5.0,1
2022-10-03,santamarina,all boys,20-30,10,1.53,5.3,1
2022-10-03,botafogo,palmeiras,00-10,10,1.5,5.0,1
2022-10-03,guarani,londrina,00-10,10,1.5,5.0,1
2022-10-03,botafogo,palmeiras,10-20,10,1.5,5.0,1
2022-10-03,botafogo,palmeiras,20-30,10,1.44,4.4,1
2022-10-03,tec. universitário,dep. cuenca,20-30,10,1.61,6.1,1
2022-10-04,al seeb,al rifa,60-70,10,1.5,5.0,1
2022-10-04,bayer munique,plzen,00-10,10,1.61,6.1,1
2022-10-04,osters,brommapojkarn,00-10,10,1.53,5.3,1
2022-10-04,aldosivi,barracas,20-30,10,1.57,5.7,1
2022-10-04,liverpool,rangers,00-10,10,1.53,5.3,1
2022-10-04,ajax,napoli,00-10,10,1.5,5.0,0
2022-10-04,porto,leverkusen,10-20,10,1.57,5.7,1
2022-10-04,godoy cruz,san lorenzo,20-30,10,1.57,5.7,1
2022-10-04,porto,leverkusen,60-70,10,1.57,5.7,1
2022-10-04,newells,arsenal,60-70,10,1.57,5.7,1
2022-10-04,vila nova,criciuma,00-10,10,1.53,5.3,1
2022-10-04,operario,vasco,00-10,10,1.5,5.0,1
2022-10-04,vila nova,criciuma,20-30,10,1.5,5.0,1
2022-10-04,sarmiento,tigre,20-30,10,1.53,5.3,1
2022-10-04,nacional potosi,guabira,20-30,10,1.61,6.1,1
2022-10-04,brusque,sport,60-70,10,1.5,5.0,1
2022-10-04,leones negros,celaya,60-70,10,1.5,5.0,1
2022-10-04,pumas tabasco,dorados,10-20,10,1.61,6.1,1
2022-10-04,juventude,corinthians,10-20,10,1.5,5.0,1
2022-10-04,velez,banfield,20-30,10,1.57,5.7,1
2022-10-04,real espana,alajuelense,10-20,10,1.53,5.3,1
2022-10-04,pumas tabasco,dorados,70-80,10,1.53,5.3,1
2022-10-04,jorge willstermann,bolivar,60-70,10,1.53,5.3,1
2022-10-04,juventude,corinthians,60-70,10,1.53,5.3,1
2022-10-04,juventude,corinthians,Other,10,2.0,10.0,1
2022-10-05,kupio,haka,00-10,10,1.53,5.3,1
2022-10-05,kupio,haka,20-30,10,1.5,5.0,1
2022-10-05,leipzig,celtic,60-70,40,1.5,20.0,0
2022-10-05,sevilla,dortmund,20-30,10,1.61,6.1,1
2022-10-05,atl go,flu,00-10,10,1.53,5.3,1
2022-10-05,santos,atl mg,20-30,10,1.53,5.3,1
2022-10-05,flamengo,inter,20-30,10,1.5,5.0,1
2022-10-06,sturm graz,lazio,00-10,10,1.61,6.1,1
2022-10-06,palmeiras,coritiba,00-10,10,2.0,10.0,1
2022-10-06,huracan,talleres,20-30,10,1.53,5.3,1
2022-10-06,lanus,arg jrs,20-30,10,1.66,6.6,1
2022-10-06,bucaramanga,aguilas,20-30,40,1.5,20.0,0
2022-10-06,america,sp,00-10,10,1.57,5.7,1
2022-10-06,avaí,botafogo,00-10,10,1.53,5.3,1
2022-10-06,america,sp,20-30,10,1.5,5.0,1
2022-10-06,blooming,univ. vinto,70-80,10,1.5,5.0,0
2022-10-07,amstetten,lafnitz,00-10,10,1.5,5.0,1
2022-10-07,austria vienna,grazer,10-20,10,1.5,5.0,1
2022-10-07,vowarts,st. polten,10-20,10,1.5,5.0,1
2022-10-07,adanaspor,bandirmarspor,60-70,10,1.57,5.7,1
2022-10-07,lyon,toulouse,10-20,10,1.61,6.1,1
2022-10-07,gil vicente,estoril praia,20-30,10,1.5,5.0,1
2022-10-07,hoffenheim,werder bremen,60-70,10,1.5,5.0,1
2022-10-07,genoa,cagliari,60-70,10,1.57,5.7,1
2022-10-07,maldonado,cerro largo,60-70,40,1.5,20.0,0
2022-10-07,huachipato,coquimbo unido,00-10,10,1.5,5.0,1
2022-10-07,cerrito,albion,10-20,10,1.53,5.3,1
2022-10-07,delfin,ldu,20-30,10,1.5,5.0,1
2022-10-07,jaguares,la equidad,Other,10,1.9,9.0,1
2022-10-08,krakow,lechia,00-10,10,1.53,5.3,1
2022-10-08,hamburgo,kaiserslautern,00-10,10,1.53,5.3,1
2022-10-08,young boys,st gallen,10-20,10,1.5,5.0,1
2022-10-08,reims,psg,00-10,10,2.22,12.2,1
2022-10-08,burgos,alavés,20-30,10,1.66,6.6,1
2022-10-08,reims,psg,30-40,20,1.5,10.0,0
2022-10-08,reims,psg,Other,10,1.5,5.0,0
2022-10-08,cuiaba,flamengo,00-10,10,1.57,5.7,1
2022-10-08,ponte preta,vila nova,10-20,10,1.5,5.0,1
2022-10-08,cuiaba,flamengo,20-30,10,1.5,5.0,1
2022-10-08,tombense,crb,30-40,10,1.53,5.3,1
2022-10-08,union espanola,o'higgins,20-30,10,1.53,5.3,1
2022-10-08,corinthians,athletico pr,00-10,10,1.53,5.3,1
2022-10-08,melgar,ayacucho,30-40,10,1.5,5.0,1
2022-10-08,corinthians,athletico pr,30-40,10,1.53,5.3,1
2022-10-08,dep. pasto,tolima,20-30,10,1.66,6.6,1
2022-10-09,vejle,helsingor,00-10,10,1.61,6.1,1
2022-10-09,monza,spezia,20-30,10,1.57,5.7,1
2022-10-09,salernitana,verona,Other,10,1.5,5.0,0
2022-10-09,inter,goiás,00-10,10,1.53,5.3,1
2022-10-09,ostersunds,eskilstuna,60-70,10,1.5,5.0,0
2022-10-09,boa vista,marítimo,00-10,10,1.57,5.7,1
2022-10-09,odense,silkeborg,30-40,10,1.5,5.0,0
2022-10-09,inter,goiás,Other,10,1.7,7.0,1
2022-10-09,molde,hamkam,00-10,40,1.5,20.0,0
2022-10-09,bodo,sanderfjord,00-10,10,1.57,5.7,1
2022-10-09,zaragoza,oviedo,60-70,10,1.5,5.0,1
2022-10-09,arsenal,liverpool,10-20,10,1.5,5.0,1
2022-10-09,arsenal,liverpool,20-30,10,1.5,5.0,1
2022-10-09,rosenborg,valerenga,00-10,10,1.5,5.0,1
2022-10-10,radomlje,gorica,10-20,10,1.53,5.3,1
2022-10-10,kfum,stabaek,10-20,10,1.5,5.0,1
2022-10-10,gliwice,widzew,00-10,10,1.53,5.3,1
2022-10-10,audax,u. la calera,30-40,10,1.61,6.1,1
2022-10-10,atl go,palmeiras,00-10,10,1.5,5.0,1
2022-10-10,santos,juventude,00-10,10,1.53,5.3,1
2022-10-10,santos,juventude,10-20,10,1.5,5.0,1
2022-10-10,nacional,cerro portenho,60-70,10,1.5,5.0,1
2022-10-10,ind. petrolero,aurora,00-10,40,1.5,20.0,0
2022-10-10,alianza petrolera,ind. santa fé,20-30,10,1.53,5.3,1
2022-10-10,alianza lima,dep. municipal,20-30,10,1.5,5.0,1
2022-10-11,copenhagen,city,20-30,10,1.57,5.7,1
2022-10-11,jonkopings,brage,10-20,10,1.5,5.0,1
2022-10-11,jonkopings,brage,60-70,10,1.5,5.0,1
2022-10-11,milan,chelsea,00-10,10,1.66,6.6,1
2022-10-11,psg,benfica,00-10,10,1.61,6.1,1
2022-10-11,dortmund,sevilla,20-30,10,1.61,6.1,1
2022-10-11,wigan,blackburn,60-70,40,1.5,20.0,0
2022-10-11,patriotas,dep. pasto,00-10,10,1.66,6.6,1
2022-10-11,patriotas,dep. pasto,20-30,10,1.57,5.7,1
2022-10-11,cerro largo,rentistas,00-10,10,1.53,5.3,1
2022-10-11,cerro largo,rentistas,10-20,10,1.5,5.0,1
2022-10-11,guarani,crb,00-10,10,1.53,5.3,1
2022-10-11,raya2,pumas,10-20,10,1.5,5.0,1
2022-10-11,guarani,crb,20-30,40,1.5,20.0,0
2022-10-11,raya2,pumas,20-30,10,1.5,5.0,1
2022-10-11,nacional potosi,palmaflor,00-10,10,1.61,6.1,1
2022-10-11,alajuelense,real espana,10-20,10,1.53,5.3,1
2022-10-11,alajuelense,real espana,20-30,10,1.53,5.3,1
2022-10-11,la equidad,cortulua,60-70,10,1.5,5.0,1
2022-10-11,sampaio,chape,30-40,10,1.88,8.8,1
2022-10-11,alajuelense,real espana,50-60,10,1.53,5.3,1
2022-10-11,alajuelense,real espana,60-70,10,1.5,5.0,1
2022-10-11,ferro carril,almagro,60-70,10,1.5,5.0,1
2022-10-11,dep. pereira,envigado,20-30,10,1.66,6.6,1
2022-10-11,jokopings,brage,10-20,10,1.5,5.0,1
2022-10-11,jokopings,brage,60-70,10,1.5,5.0,1
2022-10-11,cerro largo,rentistas,00-10,10,1.57,5.7,1
2022-10-11,cerro largo,rentistas,10-20,10,1.53,5.3,1
2022-10-11,guarani,crb,00-10,40,1.5,20.0,0
2022-10-11,raya2,pumas tabasco,10-20,10,1.5,5.0,1
2022-10-11,guarani,crb,20-30,10,1.5,5.0,1
2022-10-11,raya2,pumas tabasco,20-30,10,1.5,5.0,1
2022-10-11,potosí,palmaflor,00-10,10,1.61,6.1,1
2022-10-11,alajuelense,real españa,10-20,10,1.53,5.3,1
2022-10-11,alajuelense,real españa,20-30,10,1.5,5.0,1
2022-10-11,sampaio,chape,30-40,10,2.0,10.0,1
2022-10-11,alajuelense,real españa,50-60,10,1.53,5.3,1
2022-10-11,alajuelense,real españa,60-70,10,1.5,5.0,1
2022-10-11,envigado,dep. pereira,20-30,10,1.66,6.6,1
2022-10-12,plaza colonia,torque,00-10,10,1.61,6.1,1
2022-10-12,plaza colonia,torque,60-70,10,1.57,5.7,1
2022-10-12,alavés,balompié,20-30,10,1.61,6.1,1
2022-10-12,rangers,liverpool,00-10,40,1.5,20.0,0
2022-10-12,sarmiento,boca jrs,20-30,10,1.57,5.7,1
2022-10-12,boston river,peñarol,00-10,40,1.5,20.0,0
2022-10-13,qarabag,olimpyakos,10-20,10,1.57,5.7,1
2022-10-13,feyenoord,midtjylland,10-20,10,1.53,5.3,1
2022-10-13,bodo/glimt,arsenal,20-30,10,1.57,5.7,1
2022-10-13,river uru,liverpool uru,00-10,40,1.5,20.0,0
2022-10-13,trabzonspor,monaco,00-10,10,1.66,6.6,1
2022-10-13,river uru,liverpool uru,60-70,10,1.57,5.7,1
2022-10-13,fcsb,silkeborg,60-70,10,1.5,5.0,0
2022-10-13,ferencvarosi,estrela vermelha,60-70,10,1.53,5.3,1
2022-10-13,lazio,sturm graz,70-80,10,1.61,6.1,1
2022-10-13,velez,talleres,60-70,10,1.57,5.7,1
2022-10-13,guaraní,sol de américa,60-70,10,1.53,5.3,1
2022-10-13,albion,nacional,00-10,40,1.5,20.0,0
2022-10-13,aurora,real santa cruz,Other,10,1.66,6.6,1
2022-10-13,junior,u. magdalena,10-20,10,1.66,6.6,1
2022-10-13,junior,u. magdalena,20-30,10,1.66,6.6,1
2022-10-13,r. tomayapo,j. willstermann,00-10,40,1.5,20.0,0
2022-10-14,san lorenzo,gimnasia res,00-10,10,1.53,5.3,1
2022-10-14,banfield,aldosivi res,10-20,10,1.53,5.3,1
2022-10-14,talleres,velez res,20-30,10,1.53,5.3,1
2022-10-14,pazar,vojvodina,Other,10,1.5,5.0,0
2022-10-14,lyngby,aab,20-30,10,1.53,5.3,1
2022-10-14,floridsdorfer,kapfenberg,60-70,10,1.53,5.3,1
2022-10-14,hobro,vejle,60-70,10,1.57,5.7,1
2022-10-14,schalke,hoffenheim,50-60,10,1.53,5.3,1
2022-10-14,lodz,sandecja,60-70,10,1.5,5.0,1
2022-10-14,mas fes,khouribga,70-80,10,1.57,5.7,1
2022-10-14,defensa y justicia,u. santa fe,10-20,10,1.5,5.0,1
2022-10-14,defensa y justicia,u. santa fe,20-30,10,1.5,5.0,1
2022-10-14,boyaca,barranquilla,20-30,10,1.66,6.6,1
2022-10-15,frankfurt,leverkusen,10-20,10,1.53,5.3,1
2022-10-15,fullham,bournemouth,10-20,10,1.5,5.0,1
2022-10-15,wolverhampton,forest,20-30,10,1.5,5.0,1
2022-10-15,fullham,bournemouth,20-30,10,1.5,5.0,1
2022-10-15,nykobing,hilerod,70-80,10,1.53,5.3,1
2022-10-15,bari,ascoli,20-30,10,1.53,5.3,1
2022-10-15,lorient,reims,00-10,10,1.61,6.1,1
2022-10-15,klagenfurt,lask linz,00-10,10,1.53,5.3,1
2022-10-15,reid,rapid vienna,10-20,10,1.5,5.0,1
2022-10-15,varnamo,kalmar,00-10,10,1.5,5.0,1
2022-10-15,sion,lucerne,00-10,10,1.53,5.3,1
2022-10-15,rosenborg,stromsgodset,00-10,10,1.5,5.0,1
2022-10-15,torino,juventus,20-30,40,1.5,20.0,0
2022-10-15,sittard,rkc,00-10,10,1.5,5.0,1
2022-10-15,estrela amadora,covilhã,10-20,10,1.5,5.0,1
2022-10-15,huesca,racing santander,60-70,10,1.5,5.0,1
2022-10-15,eagles,heerenveen,00-10,10,1.5,5.0,1
2022-10-15,rentistas,fenix,20-30,10,1.5,5.0,1
2022-10-15,bilbao,a. madrid,60-70,10,1.61,6.1,1
2022-10-16,sport,vasco,00-10,10,1.53,5.3,1
2022-10-16,ceara,cuiaba,00-10,10,1.53,5.3,1
2022-10-16,palmeiras,são paulo,00-10,10,1.5,5.0,1
2022-10-17,plodiv,slavia sofia,gols,10,4.33,33.3,1
2022-10-17,tigre res,central res,60-70,10,1.5,5.0,1
2022-10-17,racing res,lanus res,60-70,10,1.5,5.0,1
2022-10-17,al akhdod,al ain,20-30,10,1.72,7.2,1
2022-10-17,kongsvinger,sandnes,00-10,10,1.5,5.0,1
2022-10-17,brann,skeid,20-30,10,1.5,5.0,0
2022-10-17,kongsvinger,sandnes,20-30,10,1.5,5.0,1
2022-10-17,silkeborg,randers,00-10,10,1.57,5.7,1
2022-10-17,landskrona,vasteras,20-30,10,1.57,5.7,1
2022-10-17,silkeborg,randers,60-70,10,1.61,6.1,1
2022-10-17,torque,boston river,30-40,10,1.57,5.7,1
2022-10-17,bastia,bordeaux,20-30,10,1.66,6.6,1
2022-10-17,lecce,fiorentina,20-30,10,1.61,6.1,1
2022-10-17,villareal,osasuna,20-30,10,1.57,5.7,1
2022-10-19,hermmanstadt,csu craiova,20-30,10,1.61,6.1,1
2022-10-19,grazer,sturm graz,00-10,40,1.5,20.0,0
2022-10-19,sundsvall,varmamo,00-10,10,1.57,5.7,1
2022-10-19,valladolid,celta de vigo,10-20,10,1.61,6.1,1
2022-10-19,brentford,chelsea,00-10,10,1.57,5.7,1
2022-10-19,lucerne,st. gallen,20-30,10,1.5,5.0,1
2022-10-19,brentford,chelsea,20-30,40,1.5,20.0,0
2022-10-19,tambetary,ameliano,10-20,10,1.57,5.7,1
2022-10-19,augsburg,bayern mun,70-80,10,1.5,5.0,1
2022-10-19,elche,real madrid,60-70,10,1.57,5.7,1
2022-10-19,strongest,real santa cruz,00-10,10,1.57,5.7,1
2022-10-19,union española,univ. católica,20-30,10,1.5,5.0,0
2022-10-19,potosí,sucre,gols,10,3.4,24.0,1
2022-10-19,guaraní,nacional,gols,10,3.5,25.0,1
2022-10-19,potosí,sucre,60-70,10,1.5,5.0,1
2022-10-19,guabira,bolivar,20-30,10,1.61,6.1,1
2022-10-19,guabira,bolivar,gols,10,1.5,5.0,0
2022-10-19,guabira,bolivar,gols,10,4.0,30.0,1
2022-10-19,flamengo,corinthians,gols,10,1.5,5.0,1
2022-10-20,giresunspor,amasyaspor,10-20,10,1.5,5.0,1
2022-10-20,giresunspor,amasyaspor,gols,10,1.5,5.0,0
2022-10-20,giresunspor,amasyaspor,gols,10,3.0,20.0,1
2022-10-20,el hodoud,future sc,00-10,10,1.61,6.1,1
2022-10-20,antwerp,oostende,00-10,40,1.5,20.0,0
2022-10-20,sampdoria,ascoli,gols,10,1.5,5.0,0
2022-10-20,hammaby,jokopkngs,gols,10,1.5,5.0,0
2022-10-20,mannuci,alianza atl.,gols,10,4.0,30.0,1
2022-10-20,blooming,palmaflor,gols,10,1.5,5.0,0
2022-10-21,skalica,slovan bratislava,00-10,10,1.5,5.0,0
2022-10-21,skalica,slovan bratislava,20-30,10,2.0,10.0,1
2022-10-21,liefering,rapid vienna,10-20,10,1.57,5.7,1
2022-10-21,darmstadt,holsten kiel,gols,10,1.5,5.0,1
2022-10-21,darmstadt,holsten kiel,gols,10,3.4,24.0,1
2022-10-21,opava,pribran,gols,10,3.75,27.5,1
2022-10-21,darmstadt,holsten kiel,gols,10,2.75,17.5,1
2022-10-21,river,torque,gols,10,1.5,5.0,0
2022-10-21,ajjacio,psg,10-20,10,1.57,5.7,1
2022-10-21,widzew lodz,miedz legnica,gols,10,1.5,5.0,0
2022-10-21,brugge,challeroi,gols,10,1.5,5.0,0
2022-10-21,brugge,challeroi,gols,10,3.4,24.0,1
2022-10-21,chape,tombense,10-20,10,1.57,5.7,1
2022-10-21,o'higgins,cobresal,20-30,10,1.57,5.7,1
2022-10-21,o'higgins,cobresal,gols,10,1.5,5.0,0
2022-10-21,la equidad,un. magdalena,gols,10,4.33,33.3,1
2022-10-21,chape,tombense,gols,10,3.5,25.0,1
2022-10-21,crb,operário,gols,10,4.5,35.0,1
2022-10-21,dep cuenca,manshuc runa,gols,10,3.4,24.0,1
2022-10-22,trelleborgs,ostersunds,gols,20,1.5,10.0,0
2022-10-22,man city,brighton,gols,10,3.25,22.5,1
2022-10-22,farmalicão,paços ferreira,Other,10,7.66,66.6,1
2022-10-22,man city,brighton,gols,10,3.4,24.0,1
2022-10-22,montpelier,marselha,gols,10,3.75,27.5,1
2022-10-22,legia varsovia,pogon,gols,20,1.5,10.0,0
2022-10-22,hamkam,stromgodset,gols,10,1.5,5.0,0
2022-10-22,hamkam,stromgodset,gols,10,3.75,27.5,1
2022-10-22,valência,maiorca,gols,20,1.5,10.0,0
2022-10-22,rkc,ajax,gols,20,1.5,10.0,0
2022-10-22,bordeaux,annecy,gols,10,1.5,5.0,0
2022-10-22,bordeaux,annecy,gols,10,4.33,33.3,1
2022-10-22,estoril praia,braga,gols,2,1.5,1.0,0
2022-10-22,chelsea,man united,gols,2,1.5,1.0,0
2022-10-22,londrina,sport,gols,10,1.5,5.0,0
2022-10-22,londrina,sport,gols,10,5.0,40.0,1
2022-10-22,sporting,casa pia,gols,20,1.5,10.0,0
2022-10-22,marselha,lens,gols,20,1.5,10.0,0
2022-10-22,ameliano,resistencia,gols,20,1.5,10.0,0
2022-10-22,belenenses,benfica b,gols,10,3.75,27.5,1
2022-10-22,bahia,vila nova,gols,10,1.5,5.0,0
2022-10-22,america de cali,dep. pasto,gols,10,4.33,33.3,1
2022-10-22,emelec,técnico universitário,gols,10,3.4,24.0,1
2022-10-22,cerro largo,peñarol,gols,10,5.0,40.0,1
2022-10-22,corinthians,santos,gols,20,1.5,10.0,0
2022-10-24,cumbaya,barcelona equ,gols,20,1.5,10.0,0
2022-10-24,ploiesti,arges pitesi,gols,20,1.5,10.0,0
2022-10-24,djugarden,sundsvall,gols,10,3.4,24.0,1
2022-10-24,sirius,kalmar,gols,20,1.5,10.0,0
2022-10-24,gotemburgo,aik,gols,20,1.5,10.0,0
2022-10-24,ajax b,vvv,gols,20,1.5,10.0,0
2022-10-24,zaglebie,lechia gdansk,gols,10,3.5,25.0,1
2022-10-24,sassuolo,verona,gols,10,3.5,25.0,1
2022-10-24,celta,getafe,gols,10,1.5,5.0,0
2022-10-25,csa,vila nova,gols,20,1.5,10.0,0
2022-10-25,flamengo,santos,gols,20,1.5,10.0,0
2022-10-25,athletico,palmeiras,gols,10,1.5,5.0,0
2022-10-25,athletico,palmeiras,gols,10,4.0,30.0,1
2022-10-26,krsko,roltek,gols,10,2.62,16.2,1
2022-10-26,rabat,safi,gols,10,5.0,40.0,1
2022-10-26,brugge,porto,gols,10,3.4,24.0,1
2022-10-26,brugge,porto,gols,10,1.5,5.0,0
2022-10-26,rabat,safi,gols,20,1.5,10.0,0
2022-10-26,napoli,rangers,gols,10,1.5,5.0,0
2022-10-26,napoli,rangers,gols,10,3.4,24.0,1
2022-10-26,tottenham,sporting,gols,10,1.5,5.0,0
2022-10-26,tottenham,sporting,gols,10,3.75,27.5,1
2022-10-26,ajax,liverpool,gols,20,1.5,10.0,0
2022-10-26,atl. progreso,defensor,gols,10,1.5,5.0,0
2022-10-26,tottenham,sporting,gols,10,3.4,24.0,1
2022-10-26,univ. de chile,u. española,gols,20,1.5,10.0,0
2022-10-26,alacranes,celaya,gols,10,1.5,5.0,0
2022-10-26,botafogo,bragantino,gols,10,3.75,27.5,1
2022-10-26,inter,ceara,gols,10,5.0,40.0,1
2022-10-27,dinamo bucareste,slatina,gols,20,1.5,10.0,0
2022-10-27,sturm graz,feyenoord,gols,10,1.5,5.0,0
2022-10-27,freiburg,olympiakos,gols,20,1.5,10.0,0
2022-10-27,berkane,khouribga,gols,10,1.5,5.0,0
2022-10-27,são paulo,atl go,gols,10,3.75,27.5,1
2022-10-27,atl mg,juventude,gols,10,3.4,24.0,1
2022-10-27,cerro porteño,gen caballero,gols,10,1.5,5.0,0
2022-10-27,cerro porteño,gen caballero,gols,10,4.0,30.0,1
2022-10-27,fortaleza,coritiba,gols,10,3.5,25.0,1
2022-10-27,atl mg,juventude,gols,10,1.5,5.0,0
2022-10-27,cuiaba,avaí,gols,20,1.5,10.0,0
2022-10-27,vasco,sampaio,gols,10,4.0,30.0,1
2022-10-27,vasco,sampaio,gols,10,1.5,5.0,0
2022-10-27,vasco,sampaio,gols,10,3.75,27.5,1
2022-10-28,blagoevgrad,plodiv,gols,20,1.5,10.0,0
2022-10-28,sigma,vyskov,gols,10,4.33,33.3,1
2022-10-28,targoviste,botosani,gols,10,1.5,5.0,0
2022-10-28,targoviste,botosani,gols,10,4.33,33.3,1
2022-10-28,kardzhali,cska sofia,gols,20,1.5,10.0,0
2022-10-28,st polten,austria vienna ii,gols,10,3.75,27.5,1
2022-10-28,amstetten,grazer,gols,10,3.5,25.0,1
2022-10-28,greuther furth,arminia b,gols,10,1.5,5.0,0
2022-10-28,greuther furth,arminia b,gols,10,3.75,27.5,1
2022-10-28,magdeburg,heidenheim,gols,10,1.5,5.0,0
2022-10-28,magdeburg,heidenheim,gols,10,3.75,27.5,1
2022-10-28,helsingor,vendyssel,gols,20,1.5,10.0,0
2022-10-28,vvv,az reservas,gols,10,1.5,5.0,0
2022-10-28,werder bremen,hertha berlin,gols,20,1.5,10.0,0
2022-10-28,helsingor,vendyssel,gols,10,1.5,5.0,0
2022-10-28,paços ferreira,marítimo,gols,20,1.5,10.0,0
2022-10-28,bahia,guarani,gols,10,5.0,40.0,1
2022-10-28,sport,operário,gols,10,1.5,5.0,0
2022-10-28,sport,operário,gols,10,4.5,35.0,1
2022-10-28,bahia,guarani,gols,20,1.5,10.0,0
2022-10-28,bahia,guarani,gols,10,1.5,5.0,0
2022-10-28,san antonio fc,oakland,gols,10,4.33,33.3,1
2022-10-29,genoa,brescia,gols,10,3.5,25.0,1
2022-10-29,psg,troyes,gols,10,3.0,20.0,1
2022-10-29,salzburg,hartberg,gols,20,1.5,10.0,0
2022-10-29,lustenau,rapid vienna,gols,10,3.25,22.5,1
2022-10-29,heerenveen,utretch,gols,10,3.4,24.0,1
2022-10-29,stromsgodset,haugesund,gols,10,3.4,24.0,1
2022-10-29,voluntari,ploiesti,gols,20,1.5,10.0,0
2022-10-29,leganes,r. santander,gols,20,1.5,10.0,0
2022-10-30,torino,milan,gols,10,1.5,5.0,0
2022-10-30,torino,milan,gols,10,4.33,33.3,1
2022-10-30,gil vicente,braga,gols,20,1.5,10.0,0
2022-10-30,colo-colo,o'higgins,gols,20,1.5,10.0,0
2022-10-30,lyon,lille,gols,10,3.5,25.0,1
2022-10-30,gil vicente,braga,gols,10,3.25,22.5,1
2022-10-31,giannina,asteras,gols,20,1.5,10.0,0
2022-10-31,botev,beroe,gols,20,1.5,10.0,0
2022-10-31,al arab,pharco,gols,20,1.5,10.0,0
2022-10-31,verona,roma,gols,10,4.33,33.3,1
2022-10-31,elfsborg,helsingborg,gols,20,1.5,10.0,0
2022-10-31,verona,roma,gols,10,1.5,5.0,0
2022-10-31,midtjylland,odense,gols,10,1.5,5.0,0
2022-10-31,ceara,fluminense,gols,20,1.5,10.0,0
