Data,Jogo,Minutos,Investimento,Odd,Ganho,Resultado
2022-07-01,Inglaterra x Israel ,60 ao 70,10,1.57,5.700000000000001,Green
2022-07-01,Ayacucho x Cantolao ,10 ao 20,10,1.5,5.0,Green
2022-07-01,Ayacucho x Cantolao ,20 ao 30,10,1.5,5.0,Green
2022-07-01,"Lara x UCV AC. 0,5 GOLS",Gols,10,1.61,6.100000000000001,Red
2022-07-01,Guairena x Asuncion ,20 ao 30,10,1.57,5.700000000000001,Green
2022-07-01,Cordoba x Juniors ,10 ao 20,10,1.57,5.700000000000001,Green
2022-07-01,Belgrano x Almagro ,20 ao 30,10,1.61,6.100000000000001,Green
2022-07-01,Belgrano x Almagro ,60 ao 70,5,1.53,2.6500000000000004,Green
2022-07-01,Mar x Colo Colo ,60 ao 70,5,1.5,2.5,Green
2022-07-01,Cruzeiro x Vila ,10 ao 20,5,1.5,2.5,Green
2022-07-01,Col x Sac ,10 ao 20,5,1.57,2.8500000000000005,Green
2022-07-01,Brusque x Operario ,60 ao 70,5,1.5,2.5,Green
2022-07-02,Huachipate x Unido ,20 ao 30,10,1.61,6.100000000000001,Green
2022-07-04,Braga x Botafogo ,10 ao 20,10,1.44,4.399999999999999,Green
2022-07-04,Colorado x Austin ,00 ao 10,10,1.53,5.300000000000001,Green
2022-07-04,Dallas x Inter ,00 ao 10,10,1.57,5.700000000000001,Green
2022-07-04,Patchuca x Querétaro ,00 ao 10,40,1.5,20.0,Red
2022-07-04,Dallas x Inter ,60 ao 70,10,1.44,4.399999999999999,Green
2022-07-04,Colorado x Austin ,60 ao 70,10,1.5,5.0,Green
2022-07-04,Galaxy x Montreal ,10 ao 20,10,1.44,4.399999999999999,Green
2022-07-04,Galaxy x Montreal ,20 ao 30,10,1.5,5.0,Green
2022-07-04,Galaxy x Montreal ,60 ao 70,10,1.4,4.0,Green
2022-07-05,Morelia x Tlaxcala ,60 ao 70,10,1.44,4.399999999999999,Green
2022-07-05,Boca x Corinthians ,00 ao 10,10,1.57,5.700000000000001,Green
2022-07-05,Libertad x CAP ,20 ao 30,10,1.5,5.0,Green
2022-07-05,Inter x Colo ,20 ao 30,10,1.44,4.399999999999999,Green
2022-07-05,Sucre x Petrolero ,20 ao 30,10,1.53,5.300000000000001,Green
2022-07-05,Hailstorm x Madison ,20 ao 30,40,1.5,20.0,Red
2022-07-05,Libertad x CAP ,60 ao 70,10,1.44,4.399999999999999,Green
2022-07-05,Boca x Corinthians ,60 ao 70,10,1.44,4.399999999999999,Green
2022-07-06,Ready x Nacional ,60 ao 70,10,1.5,5.0,Green
2022-07-06,Argentinos x Justicia ,20 ao 30,10,1.5,5.0,Green
2022-07-06,Colon x Talleres ,00 ao 10,10,1.57,5.700000000000001,Green
2022-07-06,Ceara x The Strongest,20 ao 30,10,1.57,5.700000000000001,Green
2022-07-06,Palmeiras x Cerro ,20 ao 30,10,1.57,5.700000000000001,Green
2022-07-06,Colon x Talleres ,60 ao 70,10,1.53,5.300000000000001,Green
2022-07-06,Palmeiras x Cerro ,60 ao 70,10,1.57,5.700000000000001,Green
2022-07-06,Detroit x Hartford ,20 ao 30,5,1.61,3.0500000000000007,Green
2022-07-06,Mineros x Tapatio ,10 ao 20,5,1.57,2.8500000000000005,Red
2022-07-06,River x Velez ,00 ao 10,5,1.57,2.8500000000000005,Green
2022-07-06,Melgar x Cali ,20 ao 30,5,1.53,2.6500000000000004,Green
2022-07-06,River x Velez ,60 ao 70,5,1.44,2.1999999999999993,Green
2022-07-07,Union x Caldas ,20 ao 30,10,1.57,5.700000000000001,Green
2022-07-07,Union x Caldas,60 ao 70,10,1.53,5.300000000000001,Green
2022-07-07,Lanus x Indepediente ,20 ao 30,10,1.53,5.300000000000001,Green
2022-07-07,Stalbaek x Stjordals,00 ao 10,10,1.53,5.300000000000001,Green
2022-07-07,Asane x Kafum ,10 ao 20,10,1.5,5.0,Green
2022-07-07,Patriotas x Junior ,20 ao 30,10,1.57,5.700000000000001,Green
2022-07-08,Boca x Lorenzo ,60 ao 70,10,1.44,4.399999999999999,Green
2022-07-08,Selangor x Kuala ,60 ao 70,10,1.5,5.0,Green
2022-07-08,Aksur x Atyraur ,10 ao 20,10,1.66,6.599999999999998,Green
2022-07-08,Forest x Coventry ,60 ao 70,10,1.53,5.300000000000001,Green
2022-07-08,Chicago x Belgrano ,10 ao 20,10,1.61,6.100000000000001,Green
2022-07-08,Chicago x Belgrano ,20 ao 30,10,1.61,6.100000000000001,Green
2022-07-08,Vila x Bahia ,10 ao 20,5,1.5,2.5,Green
2022-07-08,Celaya x Pumas ,20 ao 30,5,1.53,2.6500000000000004,Green
2022-07-08,Rosário x Sarmiento ,00 ao 10,5,1.53,2.6500000000000004,Green
2022-07-09,Dynamo x Borussia ,10 ao 20,10,1.53,5.300000000000001,Green
2022-07-09,Portim x Monaco ,10 ao 20,10,1.5,5.0,Green
2022-07-09,Dynamo x Borussia ,60 ao 70,10,1.44,4.399999999999999,Green
2022-07-09,Brighton x Union ,00 ao 10,10,1.61,6.100000000000001,Green
2022-07-09,NYC x NER ,20 ao 30,10,1.44,4.399999999999999,Green
2022-07-09,Lorenzo x Boca ,10 ao 20,10,1.57,5.700000000000001,Green
2022-07-09,Atlanta x Austin ,10 ao 20,20,1.5,10.0,Red
2022-07-09,Goias x Athletico ,10 ao 20,5,1.5,2.5,Green
2022-07-09,Platense x Newells ,20 ao 30,5,1.53,2.6500000000000004,Green
2022-07-09,Petrolero x Blooming ,20 ao 30,5,1.57,2.8500000000000005,Green
2022-07-09,Millionarios x Dep. Pasto ,60 ao 70,5,1.61,3.0500000000000007,Green
2022-07-09,Chicago x Columbus ,10 ao 20,5,1.5,2.5,Green
2022-07-09,Houston x Dallas ,10 ao 20,5,1.5,2.5,Green
2022-07-09,Goias x Athletico ,60 ao 70,20,1.5,10.0,Red
2022-07-09,Gualaceo x LDU ,10 ao 20,5,1.57,2.8500000000000005,Green
2022-07-09,Unido x Everton ,60 ao 70,5,1.4,2.0,Green
2022-07-10,Pepo x KP ,10 ao 20,40,1.5,20.0,Red
2022-07-10,PIF x TPS ,10 ao 20,10,1.4,4.0,Green
2022-07-10,Rosemberg x FK ,00 ao 10,10,1.5,5.0,Green
2022-07-10,Kalmar x Sirius ,20 ao 30,10,1.44,4.399999999999999,Green
2022-07-10,Jorge W. x U. Vinto ,60 ao 70,10,1.5,5.0,Green
2022-07-10,Tolima x I. Medellin ,20 ao 30,10,1.66,6.599999999999998,Green
2022-07-11,Velez x Colon ,60 ao 70,10,1.5,5.0,Green
2022-07-11,Ilves x Oulu ,10 ao 20,10,1.5,5.0,Green
2022-07-11,Belgrano x Atl Rafaela ,20 ao 30,40,1.61,24.400000000000006,Red
2022-07-11,Defensa x Aldosivi ,00 ao 10,10,1.57,5.700000000000001,Green
2022-07-11,Bagre x Elkistuna ,60 ao 70,10,1.44,4.399999999999999,Green
2022-07-11,Varnamo x Sundsvall ,60 ao 70,10,1.44,4.399999999999999,Green
2022-07-11,Colon x Velez ,20 ao 30,10,1.5,5.0,Green
2022-07-11,Colon x Velez ,00 ao 10,10,1.57,5.700000000000001,Green
2022-07-11,Colon x Velez ,10 ao 20,10,1.5,5.0,Green
2022-07-11,Inter x America ,00 ao 10,10,1.61,6.100000000000001,Green
2022-07-11,Guabira x Univ. Sucre ,60 ao 70,10,1.44,4.399999999999999,Green
2022-07-12,Turan x Aktobe ,10 ao 20,10,1.61,6.100000000000001,Green
2022-07-12,Turan x Aktobe ,20 ao 30,10,1.61,6.100000000000001,Green
2022-07-12,Ilves x Akatemia ac. 5 escant,Escanteio,10,1.8,8.0,Red
2022-07-12,Din x Fin ,00 ao 10,10,1.53,5.300000000000001,Green
2022-07-12,Turan x Aktobe ,60 ao 70,10,1.66,6.599999999999998,Green
2022-07-12,Talaea x Pyramids ,10 ao 20,10,1.61,6.100000000000001,Green
2022-07-12,El Zamalek x Al Arab ,10 ao 20,10,1.53,5.300000000000001,Green
2022-07-12,Alianza x Union ,60 ao 70,10,1.66,6.599999999999998,Green
2022-07-12,Banfield x Santa Fe ,20 ao 30,10,1.5,5.0,Green
2022-07-12,Austin x Dynamo,00 ao 10,10,1.53,5.300000000000001,Green
2022-07-12,Austin x Dynamo ,20 ao 30,40,1.53,21.200000000000003,Red
2022-07-12,Cimarrones x Mineros ,10 ao 20,10,1.53,5.300000000000001,Green
2022-07-12,Austin x Dynamo ,60 ao 70,40,1.61,24.400000000000006,Red
2022-07-13,Belgrano x Estudiantes ,00 ao 10,10,1.61,6.100000000000001,Green
2022-07-13,Belgrano x Estudiantes ,10 ao 20,10,1.57,5.700000000000001,Green
2022-07-13,Belgrano x Estudiantes ,60 ao 70,10,1.44,4.399999999999999,Green
2022-07-13,Cortuba x Cordoba ,00 ao 10,10,1.61,6.100000000000001,Green
2022-07-13,Chicago x Toronto ,00 ao 10,40,1.57,22.800000000000004,Red
2022-07-13,DC United x Colombus ,00 ao 10,10,1.57,5.700000000000001,Green
2022-07-14,Breidablik x Coloma,00 ao 10,10,1.53,5.300000000000001,Green
2022-07-14,Operario x Sport ,60 ao 70,10,1.44,4.399999999999999,Green
2022-07-14,Palmeiras x SP ,20 ao 30,10,1.5,5.0,Green
2022-07-14,Resistencia x Sol ,20 ao 30,10,1.57,5.700000000000001,Green
2022-07-15,Huracan x Uniao Santa Fé ,20 ao 30,10,1.53,5.300000000000001,Green
2022-07-15,Estudiantes x Tigre ,60 ao 70,10,1.5,5.0,Green
2022-07-15,Dynamo x Lokomotiv ,00 ao 10,10,1.61,6.100000000000001,Green
2022-07-15,Albion x Deportivo ,60 ao 70,10,1.5,5.0,Green
2022-07-15,A x B ,10 ao 20,40,1.66,26.39999999999999,Red
2022-07-15,Plaza Colonia x River Plate*,Vencedor,10,1.5,5.0,Green
2022-07-15,Red Bulls x Indy ,00 ao 10,10,1.61,6.100000000000001,Green
2022-07-15,Sarmiento x Defensa y Justiça ,50 ao 60,40,1.5,20.0,Red
2022-07-15,All Boys x Ferro Carril ,10 ao 20,10,1.61,6.100000000000001,Green
2022-07-15,All Boys x Ferro Carril ,60 ao 70,10,1.61,6.100000000000001,Green
2022-07-15,Juarez x Queretaro ,00 ao 10,10,1.66,6.599999999999998,Green
2022-07-15,Juarez x Queretaro ,20 ao 30,10,1.57,5.700000000000001,Green
2022-07-16,Norrkoping x Malmo,00 ao 10,10,1.5,5.0,Green
2022-07-16,Poznan x Mielec ,00 ao 10,10,1.53,5.300000000000001,Green
2022-07-16,Dalkurd x Orebro ,20 ao 30,10,1.5,5.0,Green
2022-07-16,Ituano x Londrina ,10 ao 20,10,1.5,5.0,Green
2022-07-16,Rentistas x Atletico ,10 ao 20,10,1.53,5.300000000000001,Green
2022-07-16,PK x FF ,20 ao 30,10,1.53,5.300000000000001,Green
2022-07-16,Helsinki x Vaasa ,60 ao 70,10,1.57,5.700000000000001,Green
2022-07-16,Djurgarden x Varnamo ,00 ao 10,10,1.57,5.700000000000001,Green
2022-07-16,Arges x Arad ,10 ao 20,10,1.66,6.599999999999998,Green
2022-07-16,Mariehamn x HIFK ,20 ao 30,10,1.44,4.399999999999999,Green
2022-07-16,Trnava x Moravce ,00 ao 10,10,1.57,5.700000000000001,Green
2022-07-16,Young Boys x Zurique ,20 ao 30,10,1.5,5.0,Green
2022-07-16,Ham-Kam x Bodo ,20 ao 30,10,1.44,4.399999999999999,Green
2022-07-16,Ham-Kam x Bodo ,60 ao 70,10,1.44,4.399999999999999,Green
2022-07-16,Argentinos Jrs x Barracas ,60 ao 70,10,1.5,5.0,Green
2022-07-16,Future x Ismaily ,60 ao 70,10,1.57,5.700000000000001,Green
2022-07-16,Cluj x Rapid ,20 ao 30,10,1.61,6.100000000000001,Green
2022-07-16,CRB x Brusque ,00 ao 10,40,1.5,20.0,Red
2022-07-16,CAP x Inter ,00 ao 10,10,1.5,5.0,Green
2022-07-16,Orense x Macara ,20 ao 30,10,1.61,6.100000000000001,Green
2022-07-16,Sampaio x Vasco ,60 ao 70,40,1.4,16.0,Red
2022-07-16,Guarani x Bahia,00 ao 10,10,1.53,5.300000000000001,Green
2022-07-16,Flamengo x Coritiba ,00 ao 10,10,1.53,5.300000000000001,Green
2022-07-16,Wanderes x Penarol ,00 ao 10,10,1.57,5.700000000000001,Green
2022-07-16,Ind. Petrolero x Bolivar ,60 ao 70,10,1.61,6.100000000000001,Green
2022-07-16,Guarani x Bahia ,60 ao 70,10,1.4,4.0,Green
2022-07-16,Avaí x Santos ,60 ao 70,10,1.44,4.399999999999999,Green
2022-07-16,Flamengo x Coritiba ,60 ao 70,10,1.5,5.0,Green
2022-07-16,Huancayo x Atl Grau ,20 ao 30,10,1.44,4.399999999999999,Green
2022-07-16,Wanderes x Penarol ,60 ao 70,40,1.5,20.0,Red
2022-07-16,Olimpia x Guarani ,20 ao 30,10,1.61,6.100000000000001,Green
2022-07-16,Palmaflor x Aurora ,20 ao 30,10,1.57,5.700000000000001,Green
2022-07-16,Inter x Charlotte ,00 ao 10,10,1.57,5.700000000000001,Green
2022-07-16,Fire x Saunders ,10 ao 20,10,1.53,5.300000000000001,Green
2022-07-16,Ceará x Corinthians ,20 ao 30,10,1.44,4.399999999999999,Green
2022-07-16,LDU x Cuenca ,60 ao 70,10,1.57,5.700000000000001,Red
2022-07-16,Montreal x Toronto,60 ao 70,10,1.44,4.399999999999999,Green
2022-07-16,Dallas x Austin ,00 ao 10,10,1.57,5.700000000000001,Green
2022-07-16,Tec. Univ. x Barcelona ,20 ao 30,10,1.61,6.100000000000001,Green
2022-07-16,Dallas x Austin ,20 ao 30,10,1.5,5.0,Green
2022-07-16,Santos x Chiva ,60 ao 70,10,1.53,5.300000000000001,Green
2022-07-16,Young Boys x Zurique ,60 ao 70,10,1.44,4.399999999999999,Green
2022-07-17,Vesteras x Landskrona ,00 ao 10,10,1.5,5.0,Green
2022-07-17,Garbania x Motor Lubin ,10 ao 20,10,1.5,5.0,Green
2022-07-17,Dangjin x Cheongju ,60 ao 70,10,1.72,7.199999999999999,Green
2022-07-17,Hansa x Heidenheim,10 ao 20,10,1.5,5.0,Green
2022-07-17,Braunschweig x Hamburgo ,10 ao 20,10,1.5,5.0,Green
2022-07-17,Viborg x Aab ,10 ao 20,10,1.5,5.0,Green
2022-07-17,Viborg x Aab ,20 ao 30,10,1.5,5.0,Green
2022-07-17,Lyngby x Silkeborg ,20 ao 30,10,1.57,5.700000000000001,Green
2022-07-17,Hansa x Heidenheim ,60 ao 70,10,1.5,5.0,Green
2022-07-17,AIK x Kalmar ,10 ao 20,10,1.5,5.0,Green
2022-07-17,Wisla x Lechia ,00 ao 10,10,1.5,5.0,Green
2022-07-17,Gotemburgo x Mjalby ,20 ao 30,10,1.5,5.0,Green
2022-07-17,Ju x Goias ,00 ao 10,10,1.53,5.300000000000001,Green
2022-07-17,Bonnyrigg x Hibernian ,00 ao 10,40,1.44,17.599999999999994,Red
2022-07-17,Servette x Gallen ,10 ao 20,40,1.5,20.0,Red
2022-07-17,Pogon x Widzew ,10 ao 20,10,1.5,5.0,Green
2022-07-17,Constanta x Craiova ,10 ao 20,10,1.57,5.700000000000001,Green
2022-07-17,Copenhagen x Horsens,60 ao 70,10,1.5,5.0,Green
2022-07-17,Pogon x Widzew ,20 ao 30,10,1.5,5.0,Green
2022-07-17,Gnistan x KTP ,10 ao 20,40,1.57,22.800000000000004,Red
2022-07-17,Santa fé x Huracan ,10 ao 20,10,1.53,5.300000000000001,Green
2022-07-17,Santa fé x Huracan ,20 ao 30,40,1.5,20.0,Red
2022-07-17,Cantolao x Binacional ,20 ao 30,40,1.53,21.200000000000003,Red
2022-07-17,La Serena x Antofagasta ,20 ao 30,10,1.57,5.700000000000001,Green
2022-07-17,Guilhermo x Chacarita ,10 ao 20,10,1.66,6.599999999999998,Red
2022-07-18,Grorud x Mjodalen,00 ao 10,10,1.53,5.300000000000001,Green
2022-07-18,Varbergs x Heisinborg,10 ao 20,10,1.5,5.0,Green
2022-07-18,Odense x Nords,10 ao 20,40,1.5,20.0,Red
2022-07-18,Pharco x El Shaquia,60 ao 70,10,1.72,7.199999999999999,Green
2022-07-18,Eskilstuna x Trelleborgs,60 ao 70,10,1.4,4.0,Green
2022-07-18,Varbergs x Heisinborg,60 ao 70,10,1.53,5.300000000000001,Green
2022-07-18,Petrolul x Voluntari,20 ao 30,10,1.66,6.599999999999998,Green
2022-07-18,Makasa x Enppi,10 ao 20,10,1.61,6.100000000000001,Green
2022-07-18,Islandia x França Fem,60 ao 70,10,1.5,5.0,Green
2022-07-18,Cajamarca x Alianza,60 ao 70,10,1.5,5.0,Red
2022-07-18,Palmeiras x Cuiaba,00 ao 10,10,1.5,5.0,Green
2022-07-18,Sport x Vila,10 ao 20,10,1.5,5.0,Green
2022-07-18,Pachuca x Mazatlan,20 ao 30,10,1.57,5.700000000000001,Green
2022-07-18,Santamarina x Def. Belgrano,20 ao 30,10,1.57,5.700000000000001,Green
2022-07-19,Once Caldas x Aguilas,20 ao 30,10,1.61,6.100000000000001,Green
2022-07-19,Zalgiris x Malmo,00 ao 10,10,1.5,5.0,Green
2022-07-19,Norby x Sodra ,60 ao 70,10,1.44,4.399999999999999,Green
2022-07-19,Colon x Aldosivi,20 ao 30,10,1.53,5.300000000000001,Red
2022-07-19,Platense x Central,20 ao 30,10,1.53,5.300000000000001,Green
2022-07-19,Colon x Aldosivi,60 ao 70,10,1.44,4.399999999999999,Green
2022-07-19,Guairena x Ameliano,10 ao 20,10,1.61,6.100000000000001,Green
2022-07-19,Guairena x Ameliano,20 ao 30,10,1.61,6.100000000000001,Green
2022-07-19,Bahia x CRB,00 ao 10,10,1.53,5.300000000000001,Green
2022-07-19,Brusque x Gremio,00 ao 10,10,1.53,5.300000000000001,Green
2022-07-19,Londrina x Sampaio,20 ao 30,40,1.53,21.200000000000003,Red
2022-07-19,Brusque x Gremio,60 ao 70,10,1.53,5.300000000000001,Green
2022-07-19,Vasco x Ituano,00 ao 10,10,1.5,5.0,Green
2022-07-19,Ceara x Avaí,00 ao 10,40,1.5,20.0,Red
2022-07-19,Ceara x Avaí,60 ao 70,10,1.5,5.0,Green
2022-07-20,Atletico x Wanderers,00 ao 10,10,1.53,5.300000000000001,Green
2022-07-20,Atletico x Wanderers,20 ao 30,10,1.5,5.0,Green
2022-07-20,Jaro x SJK,20 ao 30,10,1.53,5.300000000000001,Green
2022-07-20,Legia x Celtic,20 ao 30,10,1.5,5.0,Green
2022-07-20,Haifa x Olympiakos,20 ao 30,10,1.61,6.100000000000001,Green
2022-07-20,Maribor x Sheriff,00 ao 10,10,1.57,5.700000000000001,Green
2022-07-20,Ferencvarosi x Slovan,20 ao 30,10,1.53,5.300000000000001,Green
2022-07-20,Haifa x Olympiakos,60 ao 70,40,1.57,22.800000000000004,Red
2022-07-20,Niksic x Klaksvik,20 ao 30,10,1.57,5.700000000000001,Green
2022-07-20,RBB x Fec,00 ao 10,10,1.53,5.300000000000001,Green
2022-07-20,Corinthians x Coritiba,00 ao 10,10,1.57,5.700000000000001,Green
2022-07-20,Inter x SP,20 ao 30,10,1.5,5.0,Green
2022-07-20,Corinthians x Coritiba,60 ao 70,10,1.5,5.0,Green
2022-07-21,Pogon x Brondby,10 ao 20,10,1.5,5.0,Green
2022-07-21,Rakow x Astana,10 ao 20,10,1.57,5.700000000000001,Green
2022-07-21,River x Defensor,60 ao 70,10,1.44,4.399999999999999,Green
2022-07-21,Rosario x Newell,60 ao 70,10,1.5,5.0,Green
2022-07-21,Nacional x Resistencia,20 ao 30,10,1.5,5.0,Green
2022-07-21,Cuiabá x Atl Mg,00 ao 10,10,1.57,5.700000000000001,Green
2022-07-21,Cuiabá x Atl Mg,20 ao 30,10,1.57,5.700000000000001,Green
2022-07-21,Nacional x Cerrito,10 ao 20,10,1.57,5.700000000000001,Green
2022-07-21,Darmstadt x Sandhausen,60 ao 70,10,1.44,4.399999999999999,Green
2022-07-22,Hokoah x Tiger,00 ao 10,10,1.61,6.100000000000001,Green
2022-07-23,Jonkopings x Dalkurd,20 ao 30,10,1.61,6.100000000000001,Green
2022-07-23,Albion x Penarol,00 ao 10,10,1.53,5.300000000000001,Green
2022-07-23,Voluntari x Botosani,20 ao 30,10,1.57,5.700000000000001,Red
2022-07-23,Gallen x Winterhur,10 ao 20,10,1.5,5.0,Green
2022-07-23,Ameliano x Tacuary,00 ao 10,10,1.66,6.599999999999998,Green
2022-07-23,Melgar x Huancayo,00 ao 10,10,1.53,5.300000000000001,Green
2022-07-23,Orlando City x Phila,00 ao 10,10,1.57,5.700000000000001,Green
2022-07-23,Columbus x New England,00 ao 10,10,1.53,5.300000000000001,Green
2022-07-23,Botafogo x CAP,00 ao 10,10,1.53,5.300000000000001,Green
2022-07-23,Everton x La Calera,20 ao 30,10,1.61,6.100000000000001,Green
2022-07-23,Guayaquil x Emelec,00 ao 10,10,1.53,5.300000000000001,Green
2022-07-23,El Paso x San Antonio,00 ao 10,10,1.57,5.700000000000001,Green
2022-07-23,Sounders x Rapids,00 ao 10,10,1.61,6.100000000000001,Green
2022-07-23,Whitecaps x Fire,00 ao 10,40,1.57,22.800000000000004,Red
2022-07-23,Salt Lake x Dallas,00 ao 10,10,1.53,5.300000000000001,Green
2022-07-23,Timbers x San Jose,10 ao 20,10,1.5,5.0,Green
2022-07-23,El Paso x San Antonio,60 ao 70,10,1.4,4.0,Green
2022-07-24,Avaí x Flamengo,00 ao 10,10,1.53,5.300000000000001,Green
2022-07-24,Mechelen x Antwerp,10 ao 20,10,1.5,5.0,Green
2022-07-24,Kristiansand x BK,60 ao 70,10,1.4,4.0,Green
2022-07-24,Westerlo x Brugge,20 ao 30,10,1.44,4.399999999999999,Red
2022-07-24,Hafnarfjordur x Breidablik,20 ao 30,10,1.5,5.0,Green
2022-07-24,Aldosivi x River,60 ao 70,10,1.44,4.399999999999999,Green
2022-07-24,Atl Mg x Corinthians,20 ao 30,40,1.53,21.200000000000003,Red
2022-07-24,Univ Catolica x LDU,20 ao 30,10,1.61,6.100000000000001,Green
2022-07-24,Fortaleza x Santos,00 ao 10,10,1.53,5.300000000000001,Green
2022-07-25,12 de Outubro x Nacional,20 ao 30,10,1.61,6.100000000000001,Green
2022-07-25,Uta Arad x Petrolul,20 ao 30,10,1.61,6.100000000000001,Green
2022-07-25,Akranes x Fram,00 ao 10,10,1.5,5.0,Green
2022-07-25,Akranes x Fram,20 ao 30,10,1.4,4.0,Green
2022-07-25,San Lorenzo x Tallere,50 ao 60,10,1.5,5.0,Green
2022-07-25,San Lorenzo x Tallere,20 ao 30,10,1.57,5.700000000000001,Green
2022-07-25,12 de Outubro x Nacional,60 ao 70,10,1.53,5.300000000000001,Green
2022-07-25,San Lorenzo x Tallere,60 ao 70,10,1.44,4.399999999999999,Green
2022-07-25,Cerro x River,00 ao 10,10,1.5,5.0,Green
2022-07-25,Deportivo x Cali,10 ao 20,10,1.57,5.700000000000001,Green
2022-07-25,Union x Curico,10 ao 20,10,1.53,5.300000000000001,Green
2022-07-25,Banfield x Arg Jrs,10 ao 20,10,1.57,5.700000000000001,Green
2022-07-27,San Martin x Ayaucho,00 ao 10,10,1.5,5.0,Green
2022-07-27,Pyramids x Bank of Egypt,60 ao 70,10,1.53,5.300000000000001,Green
2022-07-27,San Martin x Ayaucho,20 ao 30,10,1.44,4.399999999999999,Green
2022-07-27,Slovan x Ferencvarosi ,10 ao 20,10,1.5,5.0,Green
2022-07-27,Real Tomayapo x Univ de Vinto ,00 ao 10,10,1.66,6.599999999999998,Green
2022-07-27,Real Tomayapo x Univ de Vinto ,60 ao 70,10,1.53,5.300000000000001,Green
2022-07-27,Olympiakos x Maccabi,60 ao 70,10,1.44,4.399999999999999,Green
2022-07-27,Univ Sucre x Royal Pari,00 ao 10,10,1.61,6.100000000000001,Green
2022-07-27,Liverpool x Nacional,00 ao 10,10,1.5,5.0,Green
2022-07-27,Univ Sucre x Royal Pari,60 ao 70,10,1.44,4.399999999999999,Green
2022-07-27,Libertad x San Lorenzo,60 ao 70,10,1.44,4.399999999999999,Green
2022-07-27,Necaxa x Pachuca,00 ao 10,10,1.53,5.300000000000001,Green
2022-07-27,The Strongest x Always Ready,00 ao 10,10,1.57,5.700000000000001,Green
2022-07-27,Atl Go x Corinthians,10 ao 20,10,1.44,4.399999999999999,Green
2022-07-27,Cesar Vallejo x Univ Deportes,20 ao 30,10,1.5,5.0,Green
2022-07-27,The Strongest x Always Ready,60 ao 70,10,1.5,5.0,Green
2022-07-27,Roots x Rising,20 ao 30,10,1.53,5.300000000000001,Green
2022-07-28,Pharco x Talaea,20 ao 30,10,1.66,6.599999999999998,Green
2022-07-28,Djurgarden x Rijeka ,20 ao 30,10,1.53,5.300000000000001,Green
2022-07-28,Vaduz x Koper,20 ao 30,10,1.53,5.300000000000001,Green
2022-07-28,Streda x Vikingur,00 ao 10,10,1.53,5.300000000000001,Green
2022-07-28,Puskas x Vit Guimaraes,10 ao 20,10,1.57,5.700000000000001,Green
2022-07-28,SP x America MG,00 ao 10,10,1.53,5.300000000000001,Green
2022-07-28,Blooming x Jorge Wilstermann,00 ao 10,10,1.57,5.700000000000001,Green
2022-07-28,SP x America MG,20 ao 30,10,1.5,5.0,Green
2022-07-28,Fortaleza x Flu,00 ao 10,40,1.44,17.599999999999994,Red
2022-07-28,Junior x Nacional,20 ao 30,10,1.5,5.0,Red
2022-07-30,Dagerfors x Kalmar,00 ao 10,10,1.5,5.0,Green
2022-07-30,Nyboking x Hvidovre,10 ao 20,10,1.57,5.700000000000001,Green
2022-07-30,Nyboking x Hvidovre,20 ao 30,10,1.53,5.300000000000001,Green
2022-07-30,Brusque x Cruzeiro,00 ao 10,10,1.53,5.300000000000001,Green
2022-07-30,Stjarnan x Vikingur,10 ao 20,10,1.44,4.399999999999999,Green
2022-07-30,Fremad x Vejle,10 ao 20,10,1.5,5.0,Green
2022-07-30,Dagerfors x Kalmar,60 ao 70,10,1.44,4.399999999999999,Green
2022-07-30,Sturm x Salsburg,20 ao 30,10,1.5,5.0,Green
2022-07-30,Middlesbrough x West Brom,10 ao 20,10,1.5,5.0,Green
2022-07-30,Sundsvall x Varbergs,00 ao 10,10,1.5,5.0,Green
2022-07-30,Radomiak x Gornik,60 ao 70,10,1.5,5.0,Green
2022-07-30,Miedz x Warta,00 ao 10,10,1.57,5.700000000000001,Green
2022-07-30,Miedz x Warta,20 ao 30,20,2.5,30.0,Red
2022-07-30,Clui x Mioveni,00 ao 10,10,1.53,5.300000000000001,Green
2022-07-30,Gent x Sint,20 ao 30,10,1.57,5.700000000000001,Green
2022-07-30,Min Unit x Por Timbers,60 ao 70,10,1.53,5.300000000000001,Green
2022-07-30,Miedz x Warta,00 ao 10,10,1.5,5.0,Green
2022-07-30,Coritiba x Goias,60 ao 70,10,1.57,5.700000000000001,Green
2022-07-30,Gent x Sint,10 ao 20,10,1.57,5.700000000000001,Green
2022-07-30,Novorizontino x Vila Nova,00 ao 10,10,4.0,30.0,Red
2022-07-30,Charllote x Columbus,10 ao 20,10,1.57,5.700000000000001,Green
2022-07-30,Hartford x Birmigham,00 ao 10,10,1.57,5.700000000000001,Green
2022-07-30,Flamengo x Atl Go,10 ao 20,10,1.57,5.700000000000001,Green
2022-07-30,Montreal x NY City,10 ao 20,10,1.53,5.300000000000001,Green
2022-07-30,Montreal x NY City,20 ao 30,10,1.53,5.300000000000001,Green
2022-07-30,NE x Toronto,10 ao 20,10,1.53,5.300000000000001,Green
2022-07-30,Inter x Cincinnati,20 ao 30,10,4.0,30.0,Red
2022-07-30,SA x Galaxy,00 ao 10,10,1.53,5.300000000000001,Green
2022-07-30,Kansas x Austin,20 ao 30,10,1.57,5.700000000000001,Green
2022-07-30,Kansas x Austin,60 ao 70,10,1.5,5.0,Green
2022-07-30,NE x Toronto,10 ao 20,10,1.5,5.0,Green
2022-08-01,Jablonec x Bohemians,00 a 10,10,1.53,5.300000000000001,Green
2022-08-01,Kralove x Slavia,10 ao 20,40,1.5,20.0,Red
2022-08-01,Molde x Stromgodset,00 a 10,10,1.5,5.0,Green
2022-08-01,Stabaek x Skeid,10 ao 20,10,1.57,5.700000000000001,Green
2022-08-01,Austria x Lask,00 a 10,10,1.61,6.100000000000001,Green
2022-08-01,Celtic x Aberdeen,00 a 10,10,1.44,4.399999999999999,Green
2022-08-01,Poznan x Wisla,00 a 10,10,1.53,5.300000000000001,Green
2022-08-01,Celtic x Aberdeen,20 ao 30,10,1.5,5.0,Green
2022-08-01,Rakow x Stal,10 ao 20,40,1.5,20.0,Red
2022-08-01,Sparta x Liberec,10 ao 20,10,1.61,6.100000000000001,Green
2022-08-01,Craiova x Rapid,20 ao 30,40,1.5,20.0,Red
2022-08-01,Cerro x Torque,00 a 10,10,1.53,5.300000000000001,Green
2022-08-01,Athletico x SP,10 ao 20,10,1.53,5.300000000000001,Green
2022-08-01,Sporting x Alianza,10 ao 20,10,1.5,5.0,Green
2022-08-01,Cuiabá x Fortaleza,00 a 10,10,1.5,5.0,Green
2022-08-01,DC x Orlando,00 a 10,40,1.5,20.0,Red
2022-08-01,Bragantino x Juventude,00 a 10,10,1.57,5.700000000000001,Green
2022-08-02,HFK x Inter,20 ao 30,10,1.53,5.300000000000001,Green
2022-08-02,Gotemburgo x Norrkoping,10 ao 20,10,1.5,5.0,Green
2022-08-02,Sochaux x Paris,50 ao 60,10,1.57,5.700000000000001,Green
2022-08-02,Watford x Sheff,60 ao 70,10,1.5,5.0,Green
2022-08-02,Zamalek x Pyramids,50 ao 60,10,1.5,5.0,Green
2022-08-02,Santos x Flu,60 ao 70,10,1.5,5.0,Green
2022-08-02,9 de Outubro x Orense,20 ao 30,10,1.57,5.700000000000001,Green
2022-08-02,Colon X Indepediente,10 ao 20,10,1.53,5.300000000000001,Green
2022-08-02,Instituto x All Boys,10 ao 20,10,1.57,5.700000000000001,Green
2022-08-03,Wolfsberger x Gzira,60 ao 70,10,1.44,4.399999999999999,Green
2022-08-03,Al Ahly x Pharco,20 ao 30,10,1.57,5.700000000000001,Green
2022-08-03,Dunajska x FCSB,20 ao 30,10,1.5,5.0,Red
2022-08-03,Univ de Vinto x Blooming,20 ao 30,10,1.57,5.700000000000001,Green
2022-08-03,SP x Ceara,10 ao 20,10,1.53,5.300000000000001,Green
2022-08-03,Rubio x Cerro,20 ao 30,10,1.5,5.0,Green
2022-08-03,NY x Memphis,10 ao 20,10,1.53,5.300000000000001,Green
2022-08-03,Univ de Vinto x Blooming,60 ao 70,10,1.57,5.700000000000001,Green
2022-08-03,SP x Ceara,60 ao 70,10,1.44,4.399999999999999,Green
2022-08-03,Maryland x Cal,20 ao 30,10,1.5,5.0,Red
2022-08-03,Columbus x Montreal,10 ao 20,40,1.53,21.200000000000003,Red
2022-08-03,Charllote x DC,60 ao 70,10,1.61,6.100000000000001,Red
2022-08-03,Aldosivi x Newells,20 ao 30,10,1.44,4.399999999999999,Green
2022-08-03,Atl Mg x Palmeiras,20 ao 30,10,1.5,5.0,Green
2022-08-03,Atl Mg x Palmeiras,60 ao 70,10,1.5,5.0,Green
2022-08-04,Enppi x El Sharquia,20 ao 30,10,1.57,5.700000000000001,Green
2022-08-04,Jonkopings x Vasteras,00 a 10,40,1.5,20.0,Red
2022-08-04,Osters x Utsiktens,00 a 10,10,1.57,5.700000000000001,Green
2022-08-04,Brondby x Basel,20 ao 30,10,1.5,5.0,Green
2022-08-04,El Masry x Tales,30 ao 40,40,1.5,20.0,Red
2022-08-04,Breidablik x Basaksehir,60 ao 70,10,1.53,5.300000000000001,Green
2022-08-04,Melgar x Inter,00 a 10,10,1.53,5.300000000000001,Green
2022-08-04,Melgar x Inter,10 ao 20,10,1.5,5.0,Green
2022-08-04,Brusque x Sampaio,20 ao 30,10,1.5,5.0,Green
2022-08-04,Brusque x Sampaio,30 ao 40,10,1.5,5.0,Green
2022-08-04,Brusque x Sampaio,60 ao 70,10,1.5,5.0,Green
2022-08-04,Morelia x Correcaminos,10 ao 20,10,1.53,5.300000000000001,Green
2022-08-04,Melgar x Inter,60 ao 70,10,1.44,4.399999999999999,Red
2022-08-04,CRB x Ponte Preta,00 a 10,10,1.53,5.300000000000001,Green
2022-08-04,Real Espanha x Real Betis,60 ao 70,10,1.5,5.0,Green
2022-08-04,Athletico x Estudiantes,10 ao 20,10,1.57,5.700000000000001,Green
2022-08-04,Athletico x Estudiantes,60 ao 70,10,1.5,5.0,Green
2022-08-05,Cagliari x Perugia,,10,1.57,5.700000000000001,Green
2022-08-05,Sezana x Cejle,,10,1.5,5.0,Green
2022-08-05,Austria x Kapfenberg,,10,1.57,5.700000000000001,Green
2022-08-05,Sandhausen x Dusseldorf,,10,1.53,5.300000000000001,Green
2022-08-05,Hvidovre x Hillerod,,10,1.66,6.599999999999998,Green
2022-08-05,Randers x Horsens,,10,1.57,5.700000000000001,Green
2022-08-05,Sandhausen x Dusseldorf,,40,1.5,20.0,Red
2022-08-05,Lafnitz x Floridsdorfer,,10,1.57,5.700000000000001,Green
2022-08-05,Lecce x Cittadela,,10,1.53,5.300000000000001,Green
2022-08-05,Operario x Nautico,,10,1.5,5.0,Green
2022-08-05,Nacional x Rentistas,,10,1.5,5.0,Green
2022-08-05,Caballero x Tacuary,,10,1.61,6.100000000000001,Green
2022-08-05,Guarani x Gremio,,10,1.5,5.0,Green
2022-08-05,Universitário x Cumbaya,,40,1.5,20.0,Red
2022-08-05,Guarani x Gremio,,10,1.5,5.0,Green
2022-08-06,Suburbs x Brisbane,,10,1.5,5.0,Green
2022-08-06,Nordsjaelland x Viborg,,10,1.5,5.0,Green
2022-08-06,Pisa x Brescia ,,10,1.5,5.0,Green
2022-08-06,Rosenborg x Ham-Kam,,10,1.5,5.0,Green
2022-08-06,Reid x Sturm,,40,1.5,20.0,Red
2022-08-06,Everton x Chelsea,,10,1.5,5.0,Green
2022-08-06,Dortmund x Leverkusen,,10,1.5,5.0,Green
2022-08-06,Pisa x Brescia ,,10,1.53,5.300000000000001,Green
2022-08-06,Everton x Chelsea,,10,1.72,7.199999999999999,Green
2022-08-06,Cerro x Wanderers,,10,1.44,4.399999999999999,Green
2022-08-06,Cantolao x Sporting,,10,1.5,5.0,Green
2022-08-06,Rostock x Biefield,,10,1.57,5.700000000000001,Green
2022-08-06,Clemont x PSG,,10,1.5,5.0,Green
2022-08-06,Atlanta x Seattle,,10,1.5,5.0,Green
2022-08-06,Botafogo x Ceará,,10,1.53,5.300000000000001,Green
2022-08-06,Botafogo x Ceará,,10,1.5,5.0,Green
2022-08-06,Binacional x Ayaucho,,10,1.5,5.0,Green
2022-08-06,Empoli x Spal,,10,1.57,5.700000000000001,Green
2022-08-06,Botafogo x Ceará,,10,1.5,5.0,Green
2022-08-06,Botafogo x Ceará,,10,1.83,8.3,Green
2022-08-06,Avaí x Corinthians,,10,1.61,6.100000000000001,Green
2022-08-06,Cruzeiro x Tombense,,40,1.5,20.0,Red
2022-08-06,Atl go x Bragantino,,10,1.5,5.0,Green
2022-08-06,Avaí x Corinthians,,10,1.5,5.0,Green
2022-08-06,SP x Flamengo,,10,2.0,10.0,Green
2022-08-06,Avaí x Corinthians,,10,1.85,8.5,Green
2022-08-06,Charlotte x Chicago,,40,1.5,20.0,Red
2022-08-06,Timbers x Dallas,,10,1.5,5.0,Green
2022-08-07,Zurique x Sion,,10,1.5,5.0,Green
2022-08-07,Veijle x Nykobing,,10,1.61,6.100000000000001,Green
2022-08-07,Stabaek x Brann,,10,1.5,5.0,Green
2022-08-07,Man United x Brighton,,10,1.5,5.0,Green
2022-08-07,Stuttgart x Leipzig,,10,1.61,6.100000000000001,Green
2022-08-07,Fenix x Torque,,10,1.5,5.0,Green
2022-08-07,Copenhagen x Brondby,,10,1.57,5.700000000000001,Green
2022-08-07,Montpellier x Troyes,,10,1.57,5.700000000000001,Green
2022-08-07,Fenix x Torque,,40,1.5,20.0,Red
2022-08-07,Venezia x Ascoli,,10,1.57,5.700000000000001,Green
2022-08-07,Santa Clara x Casa Pia,,10,1.44,4.399999999999999,Green
2022-08-07,Venezia x Ascoli,,10,1.44,4.399999999999999,Green
2022-08-07,Rennes x Lorient,,10,1.5,5.0,Red
2022-08-07,Slavia x Fastav,,10,1.5,5.0,Green
2022-08-07,Giresunspor x Demirspor,,10,1.5,5.0,Green
2022-08-07,Valerenga x Aalesund,,10,1.5,5.0,Green
2022-08-07,Danubio x Maldonado,,10,1.5,5.0,Green
2022-08-07,Danubio x Maldonado,,10,1.5,5.0,Green
2022-08-07,Flu x Cuiabá,,10,1.57,5.700000000000001,Green
2022-08-07,Palmeiras x Goiás,,10,1.5,5.0,Green
2022-08-07,Newells x Colon,,10,1.5,5.0,Red
2022-08-07,Aurora x Univ Sucre,,10,1.44,4.399999999999999,Green
2022-08-08,Wisla x Miedz,,10,1.5,5.0,Green
2022-08-08,Varbergs x Gotemburgo,,10,1.5,5.0,Green
2022-08-08,Botosani x Farul,,10,1.57,5.700000000000001,Green
2022-08-08,Ankaragucu x Konyaspor,,10,1.61,6.100000000000001,Green
2022-08-08,Bologna x Consenza,,10,1.61,6.100000000000001,Green
2022-08-08,Caen x Metz,,10,1.53,5.300000000000001,Green
2022-08-08,Ankaragucu x Konyaspor,,10,1.53,5.300000000000001,Green
2022-08-08,Coritiba x Santos,,10,1.5,5.0,Red
2022-08-08,Coritiba x Santos,,10,2.0,10.0,Green
2022-08-08,Atlanta x Chacarita,,25,1.5,12.5,Red
2022-08-08,Barranquilha x Leones,,10,1.44,4.399999999999999,Green
2022-08-09,Nanjing x Beijing,,10,1.61,6.100000000000001,Green
2022-08-09,Suburbs x Gold Coast,,10,1.61,6.100000000000001,Green
2022-08-09,Viktoria x Sheriff,,10,1.53,5.300000000000001,Green
2022-08-09,Skovde x Osters,,10,1.5,5.0,Green
2022-08-09,Norrby x Brage,,10,1.5,5.0,Green
2022-08-09,Sturm x Dynamo,,10,1.53,5.300000000000001,Green
2022-08-09,Zamalek x Makasa,,10,1.57,5.700000000000001,Green
2022-08-09,Bank of Egypt x Pharco,,10,1.66,6.599999999999998,Green
2022-08-09,Bank of Egypt x Pharco,,10,1.61,6.100000000000001,Green
2022-08-09,Cucuta x Boyaca,,10,1.66,6.599999999999998,Green
2022-08-09,Gremio x Operario,,10,1.53,5.300000000000001,Green
2022-08-09,Ponte Preta x Vasco,,10,1.5,5.0,Green
2022-08-09,CSA x Brusque,,10,1.5,5.0,Green
2022-08-09,NY Red Bulls x Atlanta,,10,1.5,5.0,Green
2022-08-09,Flamengo x Corinthians,,10,1.5,5.0,Green
2022-08-10,Al Arab x El Gounah,20 ao 30,40,1.5,20.0,Red
2022-08-10,Al Ahly x Masry,00 a 10,10,1.66,6.599999999999998,Green
2022-08-10,Real Madrid x Frankfurt,Gols,10,1.57,5.700000000000001,Green
2022-08-10,Real Madrid x Frankfurt,50 ao 60,40,1.5,20.0,Red
2022-08-10,Ceará x SP,20 ao 30,10,1.53,5.300000000000001,Green
2022-08-10,Ceará x SP,60 ao 70,10,1.5,5.0,Green
2022-08-10,Palmeiras x Atl Mg,60 ao 70,10,1.5,5.0,Green
2022-08-11,Helsinki x Maribor,20 ao 30,10,1.57,5.700000000000001,Green
2022-08-11,Ismaily x Sakandary,20 ao 30,10,1.61,6.100000000000001,Green
2022-08-11,Zurique x Linfield,10 ao 20,10,1.5,5.0,Green
2022-08-11,Basel x Brondby,10 ao 20,40,1.5,20.0,Red
2022-08-11,Rapid x Baku,20 ao 30,10,1.5,5.0,Green
2022-08-11,AZ x Dundee,10 ao 20,10,1.5,5.0,Green
2022-08-11,Montevideo x Atl Fenix,00 a 10,10,1.57,5.700000000000001,Green
2022-08-11,Inter x Melgar,00 a 10,10,1.57,5.700000000000001,Green
2022-08-11,Tapatio x Raya,60 ao 70,10,1.53,5.300000000000001,Green
2022-08-11,Univ Sacre x Nac Potosí,60 ao 70,10,1.57,5.700000000000001,Green
2022-08-11,Estudiantes x Athletico Pr,60 ao 70,10,1.5,5.0,Green
2022-08-11,Estudiantes x Athletico Pr,Cartões,10,1.8,8.0,Green
2022-08-11,Queretaro x Atl San Luis,60 ao 70,10,1.5,5.0,Green
2022-08-12,Haka x Oulu,20 ao 30,40,1.5,20.0,Red
2022-08-12,Hobro x Sodersjyske,00 a 10,10,1.57,5.700000000000001,Green
2022-08-12,Fredericia x Vejle,00 a 10,10,1.61,6.100000000000001,Green
2022-08-12,Horsens x Midtjylland,00 a 10,10,1.61,6.100000000000001,Green
2022-08-12,Nantes x Lille,00 a 10,40,1.5,20.0,Green
2022-08-12,Watford x Burnley,60 ao 70,10,1.5,5.0,Red
2022-08-12,Metropolitano x Est. Merida,Gols,10,1.66,6.599999999999998,Green
2022-08-12,NY RB x Charleston,20 ao 30,10,1.57,5.700000000000001,Green
2022-08-12,Bahia x Ituano,00 a 10,10,1.5,5.0,Green
2022-08-12,Coquimbo x Cobresal,Gols,10,1.57,5.700000000000001,Green
2022-08-12,Patronato x San Lorenzo,20 ao 30,40,1.5,20.0,Red
2022-08-12,Bucaramanga x Magdalena,20 ao 30,10,1.61,6.100000000000001,Green
2022-08-12,Runa x Orense,20 ao 30,10,1.5,5.0,Red
2022-08-12,Orange x PHX,00 a 10,10,1.57,5.700000000000001,Green
2022-08-13,Nyboking x Vendsyssel ,00 a 10,40,1.5,20.0,Red
2022-08-13,Aston Villa x Everton,60 ao 70,10,1.44,4.399999999999999,Green
2022-08-13,Leipzig x Koln,10 ao 20,10,1.57,5.700000000000001,Green
2022-08-13,Monaco x Rennes,20 ao 30,10,1.5,5.0,Red
2022-08-13,Sion x Grasshoppers,10 ao 20,10,1.53,5.300000000000001,Green
2022-08-13,Eibar x Tenerife,60 ao 70,10,1.53,5.300000000000001,Green
2022-08-13,Brentford x Man United,20 ao 30,10,1.5,5.0,Red
2022-08-13,Schalke x Gladbach,10 ao 20,10,1.44,4.399999999999999,Green
2022-08-13,Valladolid x Villareal,20 ao 30,10,1.57,5.700000000000001,Green
2022-08-13,Rapid x Amstetten,00 a 10,10,1.53,5.300000000000001,Green
2022-08-13,Rapid x Amstetten,20 ao 30,10,1.57,5.700000000000001,Green
2022-08-13,Goiás x Avaí,20 ao 30,10,1.5,5.0,Green
2022-08-13,Monza x Torino,60 ao 70,10,1.5,5.0,Green
2022-08-13,Strongest x Palmaflor,60 ao 70,10,1.66,6.599999999999998,Green
2022-08-13,Penarol x Albion,60 ao 70,10,1.5,5.0,Green
2022-08-13,Corinthians x Palmeiras,60 ao 70,10,1.53,5.300000000000001,Green
2022-08-13,Botafogo x Atl Go,00 a 10,10,1.5,5.0,Green
2022-08-13,Botafogo x Atl Go,60 ao 70,10,1.5,5.0,Red
2022-08-13,Mont Bay x Sac Rep,10 ao 20,10,1.5,5.0,Green
2022-08-14,Hannover x Regensburg,60 ao 70,10,1.5,5.0,Green
2022-08-14,Kupio x Mariehamn,10 ao 20,10,1.5,5.0,Green
2022-08-14,Nttm Forest x West Ham,00 a 10,10,1.53,5.300000000000001,Green
2022-08-14,Mainz x Union Berlim,20 ao 30,10,1.57,5.700000000000001,Green
2022-08-14,Coritiba x Atl Mg,00 a 10,10,1.57,5.700000000000001,Green
2022-08-14,Novorizontino x Criciuma,00 a 10,10,1.53,5.300000000000001,Green
2022-08-14,Coritiba x Atl Mg,60 ao 70,10,1.53,5.300000000000001,Green
2022-08-14,Chelsea x Tottenham,10 ao 20,10,1.5,5.0,Green
2022-08-14,Chelsea x Tottenham,60 ao 70,10,1.44,4.399999999999999,Green
2022-08-14,Inter x Flu,70 ao 80,10,1.44,4.399999999999999,Green
2022-08-14,Nublense x Union Espanola,20 ao 30,10,1.53,5.300000000000001,Green
2022-08-14,Racing x Boca,70 ao 80,10,1.5,5.0,Red
2022-08-14,Nublense x Union Espanola,50 ao 60,10,1.5,5.0,Green
2022-08-15,Voluntari x Sepsi,10 ao 20,10,1.61,6.100000000000001,Green
2022-08-15,Lanus x Newells,60 ao 70,10,1.44,4.399999999999999,Green
2022-08-15,Bilbao x Mallorca,50 ao 60,10,1.53,5.300000000000001,Green
2022-08-15,Constanta x Hermanstadt,Gols,10,1.5,5.0,Red
2022-08-15,Constanta x Hermanstadt,20 ao 30,10,1.57,5.700000000000001,Green
2022-08-15,Gotemburgo x Hammarby,10 ao 20,10,1.44,4.399999999999999,Green
2022-08-15,Gotemburgo x Hammarby,20 ao 30,10,1.44,4.399999999999999,Green
2022-08-15,Konyaspor x Basaksehir,70 ao 80,10,1.5,5.0,Red
2022-08-15,Aarhus x Lyngby,60 ao 70,10,1.53,5.300000000000001,Green
2022-08-15,Juventus x Sassuolo,00 a 10,40,1.5,20.0,Red
2022-08-15,Cartagena x Ponferradina,60 ao 70,10,1.53,5.300000000000001,Green
2022-08-15,Aurora x Royal Pari,20 ao 30,10,1.44,4.399999999999999,Green
2022-08-15,La Equidad x Cali,60 ao 70,10,1.57,5.700000000000001,Green
2022-08-16,MP x KTP,20 ao 30,10,1.44,4.399999999999999,Green
2022-08-16,Mineros x CA La Paz,20 ao 30,10,1.44,4.399999999999999,Green
2022-08-16,San Miguelito x Tauro,30 ao 40,10,1.61,6.100000000000001,Green
2022-08-16,Audax x Univ. Catolica,Asiáticos,10,1.7,7.0,Green
2022-08-16,Atlas x Juarez,20 ao 30,10,1.61,6.100000000000001,Green
2022-08-16,Indepediente x Huracan,30 ao 40,10,1.5,5.0,Red
2022-08-16,Mazatlan x Queretaro,20 ao 30,10,1.57,5.700000000000001,Green
2022-08-17,Al Sahadd x Al Ahly,70 ao 80,10,1.5,5.0,Red
2022-08-17,Hillerod x Fredericia,10 ao 20,10,1.57,5.700000000000001,Green
2022-08-17,Hillerod x Fredericia,30 ao 40,10,1.5,5.0,Green
2022-08-17,Al Shamal x Al Gharafa,10 ao 20,10,1.66,6.599999999999998,Green
2022-08-17,Vejle x Naestved,10 ao 20,10,1.53,5.300000000000001,Green
2022-08-17,Vejle x Naestved,20 ao 30,10,1.57,5.700000000000001,Green
2022-08-17,Qarabag x Viktoria,50 ao 60,40,1.5,20.0,Red
2022-08-17,Torshavn x Runavik,60 ao 70,10,1.4,4.0,Green
2022-08-17,Qarabag x Viktoria,Asiáticos,10,1.5,5.0,Red
2022-08-17,Kolubara x Radnicki,Gols,10,1.5,5.0,Red
2022-08-17,Dynamo Kiev x Benfica,00 a 10,10,1.53,5.300000000000001,Green
2022-08-17,Dynamo Kiev x Benfica,10 ao 20,10,1.5,5.0,Green
2022-08-17,Maccabi Haifa x Zvezda,10 ao 20,10,1.57,5.700000000000001,Green
2022-08-17,Maccabi Haifa x Zvezda,30 ao 40,10,1.5,5.0,Red
2022-08-17,Newells x Lanus,Gols,10,1.83,8.3,Green
2022-08-17,Maccabi Haifa x Zvezda,60 ao 70,40,1.5,20.0,Red
2022-08-17,Antofagasta x Curico,Gols,10,1.83,8.3,Green
2022-08-17,Tigre x Atl Tucuman,60 ao 70,10,1.57,5.700000000000001,Green
2022-08-17,Criciuma x Operario,00 a 10,10,1.53,5.300000000000001,Green
2022-08-17,Oeste x Operario,20 ao 30,10,1.57,5.700000000000001,Green
2022-08-17,Nublense x Colo Colo,20 ao 30,10,1.53,5.300000000000001,Green
2022-08-17,Flu x Fortaleza,00 a 10,10,1.53,5.300000000000001,Green
2022-08-17,Flu x Fortaleza,10 ao 20,10,1.44,4.399999999999999,Green
2022-08-17,Athletico Pr x Flamengo,00 a 10,10,1.5,5.0,Green
2022-08-17,O'Higgins x Union Espanola,60 ao 70,10,1.44,4.399999999999999,Green
2022-08-18,Estudiantes x Arg Jrs,60 ao 70,10,1.53,5.300000000000001,Green
2022-08-18,Helsinki x Silkerborg,20 ao 30,10,1.53,5.300000000000001,Green
2022-08-18,Maccabi Tel Aviv x Nice,00 a 10,10,1.57,5.700000000000001,Green
2022-08-18,Zurique x Hearts,20 ao 30,10,1.53,5.300000000000001,Green
2022-08-18,Barracas x Defensa Y Justicia,00 a 10,10,1.57,5.700000000000001,Green
2022-08-18,Univ Craiova x Hapoel Beer,20 ao 30,10,1.66,6.599999999999998,Green
2022-08-18,Vaduz x Rapid Vienna,20 ao 30,40,1.5,20.0,Red
2022-08-18,West Ham x Viborg,00 a 10,10,1.57,5.700000000000001,Green
2022-08-18,Future x Ceramica,60 ao 70,10,1.61,6.100000000000001,Green
2022-08-18,Atletico Cali x Tigres,60 ao 70,10,1.53,5.300000000000001,Green
2022-08-18,Alajuelense x Alianza Panamá,00 a 10,10,1.57,5.700000000000001,Green
2022-08-18,America MG x SP,20 ao 30,10,1.57,5.700000000000001,Green
2022-08-18,CSA x Vasco,60 ao 70,10,1.44,4.399999999999999,Green
2022-08-18,Alajuelense x Alianza Panamá,30 ao 40,10,1.5,5.0,Red
2022-08-18,Banfield x Racing,30 ao 40,10,1.5,5.0,Red
2022-08-18,Pumas x Atlante,60 ao 70,10,1.5,5.0,Green
2022-08-19,Mioveni x Arges,10 ao 20,10,1.66,6.599999999999998,Green
2022-08-19,Mioveni x Arges,20 ao 30,40,1.5,20.0,Red
2022-08-19,Lyngby x Copenhagen,20 ao 30,10,1.57,5.700000000000001,Green
2022-08-19,Legia x Gornik,10 ao 20,10,1.5,5.0,Green
2022-08-19,Estoril x Rio Ave,20 ao 30,10,1.57,5.700000000000001,Green
2022-08-19,Gladbach x Hertha,60 ao 70,10,1.57,5.700000000000001,Green
2022-08-19,Bari x Palermo,60 ao 70,10,1.57,5.700000000000001,Green
2022-08-19,Sevilla x Valladoid,20 ao 30,10,1.5,5.0,Green
2022-08-19,Norwich x Millwall,60 ao 70,10,1.57,5.700000000000001,Green
2022-08-19,Estoril x Rio Ave,70 ao 80,10,1.5,5.0,Red
2022-08-19,Resistencia x Ameliano,10 ao 20,10,1.57,5.700000000000001,Green
2022-08-19,Sevilla x Valladoid,60 ao 70,10,1.57,5.700000000000001,Green
2022-08-19,Ituano x Novorizontino,00 a 10,10,1.53,5.300000000000001,Green
2022-08-19,Tomayapo x Aurora,10 ao 20,10,1.53,5.300000000000001,Green
2022-08-19,Cerrito x Cerro,00 a 10,10,1.57,5.700000000000001,Green
2022-08-19,Sol de America x Guairena,10 ao 20,40,1.5,20.0,Red
2022-08-19,Instituto x Belgrano,10 ao 20,10,1.57,5.700000000000001,Green
2022-08-20,Ponte Preta x Guarani,00 a 10,10,1.53,5.300000000000001,Green
2022-08-20,Santa Clara x Arouca,10 ao 20,10,1.57,5.700000000000001,Green
2022-08-20,Everton x Nttm Forest ++,60 ao 70,10,2.0,10.0,Green
2022-08-20,Gijón x Andorra,20 ao 30,10,1.72,7.199999999999999,Green
2022-08-20,Bodo/Glimt x HamKam,20 ao 30,10,1.44,4.399999999999999,Green
2022-08-20,Hatayspor x Gaziantep,30 ao 40,10,1.57,5.700000000000001,Green
2022-08-20,Boleslav x Sparta Prague,10 ao 20,10,1.53,5.300000000000001,Green
2022-08-20,Sturm Graz x LASK Linz,20 ao 30,40,1.5,20.0,Red
2022-08-20,Dep. Municipal x Alianza Atl,00 a 10,10,1.57,5.700000000000001,Green
2022-08-20,Amiens x Bastia,60 ao 70,10,1.57,5.700000000000001,Green
2022-08-20,Atlético Fênix x River Plate,60 ao 70,10,1.5,5.0,Green
2022-08-20,Atlético MG x Goiás,00 a 10,40,1.5,20.0,Red
2022-08-20,Celta de Vigo x Real Madrid,00 a 10,10,1.61,6.100000000000001,Green
2022-08-20,Ascoli x Spal,50 ao 60,10,1.5,5.0,Green
2022-08-20,Atlético MG x Goiás,30 ao 40,10,1.5,5.0,Red
2022-08-20,Bolivar x Oriente Petrolero,20 ao 30,10,1.57,5.700000000000001,Green
2022-08-20,Fluminense x Coritiba,00 a 10,10,1.53,5.300000000000001,Green
2022-08-20,Fluminense x Coritiba,20 ao 30,10,1.53,5.300000000000001,Green
2022-08-20,Bolivar x Oriente Petrolero,60 ao 70,10,1.5,5.0,Green
2022-08-20,Hartford x Miami,10 ao 20,10,1.53,5.300000000000001,Green
2022-08-21,West Ham x Brighton,10 ao 20,10,1.5,5.0,Green
2022-08-21,Nordsjaelland x Silkeborg,60 ao 70,10,1.53,5.300000000000001,Green
2022-08-21,Leeds X Chelsea,20 ao 30,10,1.5,5.0,Green
2022-08-21,Liberec x Budejovice,20 ao 30,10,1.53,5.300000000000001,Green
2022-08-21,Frankfurt x Köln,60 ao 70,10,1.5,5.0,Green
2022-08-21,Juventude x Botafogo,60 ao 70,10,1.5,5.0,Green
2022-08-21,Casa Pia x Boavista,60 ao 70,40,1.5,20.0,Red
2022-08-21,Sundsvall x Helsingborg,60 ao 70,10,1.44,4.399999999999999,Green
2022-08-21,Valerenga x Tromso,60 ao 70,40,1.5,20.0,Red
2022-08-21,Atlético Madrid x Villareal,10 ao 20,10,1.57,5.700000000000001,Green
2022-08-21,Atlético Madrid x Villareal,20 ao 30,10,1.57,5.700000000000001,Green
2022-08-21,Palmeiras x Flamengo,00 a 10 ,10,1.57,5.700000000000001,Green
2022-08-21,Unión Española x O'Higgins,10 ao 20,10,1.5,5.0,Green
2022-08-21,Unión Española x O'Higgins,20 ao 30,10,1.5,5.0,Green
2022-08-21,Atl. Morélia x Cimarrones,10 ao 20,10,1.53,5.300000000000001,Green
2022-08-21,Atl. Morélia x Cimarrones,20 ao 30,10,1.53,5.300000000000001,Green
2022-08-22,Arg Jrs x Patronato,50 ao 60,10,1.53,5.300000000000001,Green
2022-08-22,Arg Jrs x Patronato,50 ao 60,10,1.53,5.300000000000001,Green
2022-08-22,Groud x Skeid,10 ao 20,10,1.5,5.0,Green
2022-08-22,Roufoss x Kongsvinger,20 ao 30,10,1.44,4.399999999999999,Green
2022-08-22,Leiknir x KR,00 a 10,40,1.5,20.0,Red
2022-08-22,Albion x Plaza,00 a 10,10,1.57,5.700000000000001,Green
2022-08-22,Albion x Plaza,10 ao 20,10,1.57,5.700000000000001,Green
2022-08-22,Man Unit x Liverpool,10 ao 20,10,1.5,5.0,Green
2022-08-22,Man Unit x Liverpool,20 ao 30,10,1.5,5.0,Green
2022-08-22,Man Unit x Liverpool,30 ao 40,10,1.5,5.0,Green
2022-08-22,Albion x Plaza,60 ao 70,10,1.57,5.700000000000001,Green
2022-08-22,Sampdoria x Juventus,60 ao 70,10,1.61,6.100000000000001,Green
2022-08-22,Univ Chile x Cobresal,20 ao 30,10,1.53,5.300000000000001,Green
2022-08-22,Dep Maldonado x Penarol,30 ao 40,10,1.61,6.100000000000001,Green
2022-08-22,Avai x Inter,10 ao 20,10,1.5,5.0,Green
2022-08-22,Avai x Inter,20 ao 30,10,1.5,5.0,Green
2022-08-22,Dep Maldonado x Penarol,70 ao 80,10,1.61,6.100000000000001,Green
2022-08-22,Avai x Inter,60 ao 70,10,1.44,4.399999999999999,Green
2022-08-22,Velez x Sarmiento,10 ao 20,10,1.57,5.700000000000001,Green
2022-08-22,Platense x Talleres,10 ao 20,10,1.5,5.0,Red
2022-08-22,Guayaquill x Del Valle,60 ao 70,10,1.53,5.300000000000001,Green
2022-08-22,Velez x Sarmiento,60 ao 70,10,1.5,5.0,Green
2022-08-22,Roma x Cremonese,60 ao 70,10,1.5,5.0,Green
2022-08-23,Central x River,20 ao 30,10,1.57,5.700000000000001,Green
2022-08-23,Al Rayan x Al Ahli,20 ao 30,40,1.5,20.0,Red
2022-08-23,Central x River,60 ao 70,10,1.44,4.399999999999999,Green
2022-08-23,Santa Fé x Estudiantes,60 ao 70,10,1.44,4.399999999999999,Green
2022-08-23,Al Saad x Al Gharafa,20 ao 30,10,1.66,6.599999999999998,Green
2022-08-23,Orebro x Skovde,10 ao 20,10,1.5,5.0,Green
2022-08-23,Bolton x Aston Villa,00 a 10,10,1.57,5.700000000000001,Green
2022-08-23,Patronato x Argentinos Jrs,20 ao 30,10,1.66,6.599999999999998,Green
2022-08-23,Patronato x Argentinos Jrs,60 ao 70,10,1.66,6.599999999999998,Green
2022-08-23,Herediano x Pacific,00 a 10,10,2.0,10.0,Green
2022-08-23,Sport x Chape,60 ao 70,10,1.5,5.0,Red
2022-08-23,La Paz x Raya,10 ao 20,10,1.57,5.700000000000001,Green
2022-08-24,Umm Salal x Al Sailiya,60 ao 70,10,1.57,5.700000000000001,Green
2022-08-24,Helsingborg x Lyngby,10 ao 20,10,1.53,5.300000000000001,Green
2022-08-24,Helsingborg x Lyngby,20 ao 30,10,1.57,5.700000000000001,Green
2022-08-24,Al Shamal x Al Arab,10 ao 20,10,1.66,6.599999999999998,Green
2022-08-24,Al Shamal x Al Arab,Gols,10,1.5,5.0,Red
2022-08-24,Al Ahly x Enppi,10 ao 20,40,1.5,20.0,Red
2022-08-24,Tranmere x Newcastle,00 a 10,10,1.57,5.700000000000001,Green
2022-08-24,Trabzonspor x Copenhagen,10 ao 20,10,2.28,12.799999999999997,Green
2022-08-24,Trabzonspor x Copenhagen,60 ao 70,10,1.53,5.300000000000001,Green
2022-08-24,Guabira x Tomayapo,60 ao 70,10,1.57,5.700000000000001,Green
2022-08-24,Trabzonspor x Copenhagen,Asiáticos,10,1.5,5.0,Red
2022-08-24,Univ Sucre x Palmaflor,10 ao 20,10,1.57,5.700000000000001,Green
2022-08-24,Celaya x Cimarrones,20 ao 30,10,1.57,5.700000000000001,Green
2022-08-24,Flu x Corinthians,Multipla,10,2.5,15.0,Green
2022-08-24,Flu x Corinthians,10 ao 20,10,1.5,5.0,Green
2022-08-24,Flu x Corinthians,20 ao 30,10,1.5,5.0,Green
2022-08-24,Univ Sucre x Palmaflor,60 ao 70,10,1.53,5.300000000000001,Green
2022-08-24,Flu x Corinthians,60 ao 70,10,1.44,4.399999999999999,Green
2022-08-24,SP x Flamengo,Multipla,10,1.5,5.0,Red
2022-08-24,Quilmes x Belgrano,10 ao 20,10,1.61,6.100000000000001,Green
2022-08-24,Quilmes x Belgrano,20 ao 30,10,1.57,5.700000000000001,Green
2022-08-24,SP x Flamengo,20 ao 30,10,1.44,4.399999999999999,Green
2022-08-24,Tulsa x Hartford,20 ao 30,10,1.57,5.700000000000001,Green
2022-08-24,Cibao x Motagua,60 ao 70,10,2.0,10.0,Green
2022-08-24,Dorados x Alacranes,30 ao 40,10,1.57,5.700000000000001,Green
2022-08-25,KPV x TPS,20 ao 30,25,1.5,12.5,Red
2022-08-25,Zalgiris x Ludogorets,20 ao 30,10,1.5,5.0,Green
2022-08-25,Silkeborg x Helsinki,00 a 10,10,1.57,5.700000000000001,Green
2022-08-25,KPV x TPS,60 ao 70,10,1.5,5.0,Green
2022-08-25,Silkeborg x Helsinki,20 ao 30,40,1.5,20.0,Red
2022-08-25,Cluj x Maribor,10 ao 20,10,1.61,6.100000000000001,Green
2022-08-25,Hapoel x Craiova,20 ao 30,10,1.61,6.100000000000001,Green
2022-08-25,Sivasspor x Malmo,30 ao 40,10,1.61,6.100000000000001,Green
2022-08-25,Nice x Maccabi,00 a 10,10,1.57,5.700000000000001,Green
2022-08-25,Nice x Maccabi,20 ao 30,10,1.53,5.300000000000001,Green
2022-08-25,Rapid x Vaduz,10 ao 20,10,1.44,4.399999999999999,Green
2022-08-25,Hearts x Zurique,20 ao 30,10,1.53,5.300000000000001,Green
2022-08-25,Slovan x Mostar,60 ao 70,10,1.44,4.399999999999999,Green
2022-08-25,Always Ready x J. Wilstermann,60 ao 70,10,1.44,4.399999999999999,Green
2022-08-25,Hearts x Zurique,70 ao 80,10,1.57,5.700000000000001,Green
2022-08-25,Tapatio x Cancun,10 ao 20,10,1.57,5.700000000000001,Green
2022-08-25,Vila Nova x Sampaio Correa,20 ao 30,10,1.53,5.300000000000001,Green
2022-08-25,Tapatio x Cancun,20 ao 30,10,1.57,5.700000000000001,Green
2022-08-25,Potosi x Ind Petrolero,20 ao 30,10,1.5,5.0,Green
2022-08-25,Potosi x Ind Petrolero,60 ao 70,10,1.4,4.0,Green
2022-08-25,Pachuca x Atlas,20 ao 30,10,1.61,6.100000000000001,Green
2022-08-26,Sagan Tusu x Fukuoka,20 ao 30,10,1.66,6.599999999999998,Green
2022-08-26,Cannons x Heidelberg,20 ao 30,10,1.57,5.700000000000001,Green
2022-08-26,Sagan Tusu x Fukuoka,20 ao 30,10,1.66,6.599999999999998,Green
2022-08-26,Green Gully x Bentleigh,60 ao 70,10,1.44,4.399999999999999,Green
2022-08-26,Lahti x Meriehnamn,10 ao 20,40,1.5,20.0,Red
2022-08-26,Gornik x Bialystok,20 ao 30,10,1.44,4.399999999999999,Green
2022-08-26,Dalkurd x Brage,10 ao 20,40,1.5,20.0,Red
2022-08-26,Horsens x Aarhus,10 ao 20,10,1.5,5.0,Green
2022-08-26,Nikobing x Hobro,30 ao 40,10,1.61,6.100000000000001,Green
2022-08-26,Eindhoven x AZ,00 a 10,10,1.53,5.300000000000001,Green
2022-08-26,Girona x Celta,20 ao 30,10,1.72,7.199999999999999,Green
2022-08-26,Lazio x Inter,10 ao 20,10,1.57,5.700000000000001,Green
2022-08-26,Luton x Sheff,10 ao 20,10,1.5,5.0,Green
2022-08-26,Freiburg x Bochum,60 ao 70,10,1.61,6.100000000000001,Green
2022-08-26,Lazio x Inter,60 ao 70,10,1.53,5.300000000000001,Green
2022-08-26,Paços x Estoril,70 ao 80,10,1.53,5.300000000000001,Green
2022-08-26,Gremio x Ituano,Multipla,10,1.5,5.0,Red
2022-08-26,  Gremio x Ituano,00 a 10,10,1.57,5.700000000000001,Green
2022-08-26,Boston x Atl Fenix,10 ao 20,10,1.57,5.700000000000001,Green
2022-08-26,Gremio x Ituano,60 ao 70,40,1.5,20.0,Red
2022-08-26,Oxaca x Morelia,60 ao 70,10,1.5,5.0,Green
2022-08-26,Boston x Atl Fenix,60 ao 70,10,1.57,5.700000000000001,Green
2022-08-26,General Caballero x Cerro,10 ao 20,10,1.57,5.700000000000001,Green
2022-08-26,Instituto x Vila Dalmine,70 ao 80,10,1.57,5.700000000000001,Green
2022-08-26,Everton x La Serena,00 a 10,40,1.5,20.0,Red
2022-08-27,Bordeaux x Guingamp,20 ao 30,40,1.5,20.0,Red
2022-08-27,Mainz x Leverkusen,10 ao 20,10,1.57,5.700000000000001,Green
2022-08-27,Man City x Crystal Palace,00 a 10,10,1.53,5.300000000000001,Green
2022-08-27,Lustenau x Salzburg,00 a 10,10,1.53,5.300000000000001,Green
2022-08-27,Brighton x Leeds,60 ao 70,10,1.5,5.0,Green
2022-08-27,Leicester x Chelsea,60 ao 70,10,1.5,5.0,Green
2022-08-27,Elche x Real Sociedad,20 ao 30,10,1.61,6.100000000000001,Green
2022-08-27,Jerv x Bodo,00 a 10,40,1.5,20.0,Red
2022-08-27,Arsenal x Fulham ,00 a 10,10,1.57,5.700000000000001,Green
2022-08-27,Arsenal x Fulham ,20 ao 30,10,1.5,5.0,Green
2022-08-27,Boavista x Benfica,20 ao 30,10,1.5,5.0,Green
2022-08-27,Quevilly x Pau,60 ao 70,10,1.57,5.700000000000001,Green
2022-08-27,Nurberg x Hamburgo,10 ao 20,10,1.5,5.0,Green
2022-08-27,Milan x Bologna,10 ao 20,10,1.53,5.300000000000001,Green
2022-08-27,Goias x Atl Go,00 a 10,10,1.57,5.700000000000001,Green
2022-08-27,Coritiba x Avai,00 a 10,10,1.5,5.0,Green
2022-08-27,Coritiba x Avai,20 ao 30,10,1.5,5.0,Green
2022-08-27,Lenns x Rennes,60 ao 70,10,1.57,5.700000000000001,Green
2022-08-27,Vinto x Guabira,70 ao 80,10,1.53,5.300000000000001,Green
2022-08-27,Operario x CSA,00 a 10,10,1.44,4.399999999999999,Green
2022-08-27,Torque x Nacional,00 a 10,10,1.53,5.300000000000001,Green
2022-08-27,Flu x Palmeiras,00 a 10,40,1.5,20.0,Red
2022-08-27,Flu x Palmeiras,Gols,10,1.5,5.0,Red
2022-08-27,Flu x Palmeiras,60 ao 70,10,1.57,5.700000000000001,Green
2022-08-28,Koln x Stuttgart,20 ao 30,10,1.5,5.0,Green
2022-08-28,Aston Villa x West Ham,60 ao 70,10,1.5,5.0,Red
2022-08-28,Vaasa x HIFK,20 ao 30,10,1.5,5.0,Green
2022-08-28,Silkeborg x Odense,00 a 10,10,1.57,5.700000000000001,Green
2022-08-28,SP x Fortaleza,00 a 10,10,1.57,5.700000000000001,Green
2022-08-28,Botafogo x Flamengo,60 ao 70,10,1.5,5.0,Green
2022-08-29,Mjondalen x Sandness,00 a 10,10,1.57,5.700000000000001,Green
2022-08-29,Start x Grorud,20 ao 30,40,1.5,20.0,Red
2022-08-29,Konyanspor x Fenerbahce,30 ao 40,10,1.5,5.0,Red
2022-08-29,Djugarden x Elfsborg,00 a 10,10,1.5,5.0,Green
2022-08-29,Brondby x Midtjylland,20 ao 30,10,1.5,5.0,Green
2022-08-29,Como x Brescia,00 a 10,10,1.5,5.0,Green
2022-08-29,Inter x Juventude,00 a 10,10,1.57,5.700000000000001,Green
2022-08-29,Corinthains x RB,00 a 10,10,1.57,5.700000000000001,Green
2022-08-29,Corinthains x RB,30 ao 40,10,1.5,5.0,Red
2022-08-29,Corinthains x RB,60 ao 70,10,1.5,5.0,Green
2022-08-30,Fastav x Pardubice,00 a 10,10,1.57,5.700000000000001,Green
2022-08-30,Sassuolo x Milan,10 ao 20,10,1.53,5.300000000000001,Green
2022-08-30,Cralova x Sepsi,60 ao 70,10,1.53,5.300000000000001,Green
2022-08-30,Jablonec x S. de Praga,00 a 10,10,1.57,5.700000000000001,Green
2022-08-30,Leeds x Everton,00 a 10,10,1.53,5.300000000000001,Green
2022-08-30,Benfica x Paços de F.,00 a 10,10,1.57,5.700000000000001,Green
2022-08-30,C. Palace x Brentford,60 ao 70,10,1.53,5.300000000000001,Green
2022-08-30,Sport x Novorizontino,00 a 10,10,1.53,5.300000000000001,Green
2022-08-30,CAP x Palmeiras,10 ao 20,10,1.5,5.0,Green
2022-08-30,Tombense x Brusque,aos 30,10,1.57,5.700000000000001,Red
2022-08-31,Tuzla City x Siroki,20 aos 30,10,1.57,5.700000000000001,Green
2022-08-31,Viktoria Plzen x Slovacko,00 a 10,10,1.53,5.300000000000001,Green
2022-08-31,Cluj x Voluntari,00 a 10,10,1.72,7.199999999999999,Green
2022-08-31,Al-Arab Doha x Al Duhail,20 aos 30,10,1.62,6.200000000000003,Green
2022-08-31,Vasco x Guarani,20 aos 30,10,1.5,5.0,Green
2022-08-31,Alacranes x Atlante,aos 30,10,1.61,6.100000000000001,Green
2022-08-31,Philadelphia x Atlanta UTD,00 a 10,10,1.57,5.700000000000001,Green
2022-08-31,Orlando City x Seattle,00 a 10,10,1.53,5.300000000000001,Green
2022-08-31,Valour x Forge,10 aos 20,40,1.53,21.200000000000003,Red
2022-08-31,Ponte Preta x Bahia ++,00 a 10,10,2.0,10.0,Green
2022-08-31,Del Valle x Melgar,20 aos 30,10,1.53,5.300000000000001,Green
2022-08-31,Velez x Flamengo,60 aos 70,10,1.44,4.399999999999999,Green
2022-09-01,Botosani x Pitesi,20 a 30,10,1.66,6.599999999999998,Green
2022-09-01,Hvdovre x Hobro,00 a 10,40,1.5,20.0,Green
2022-09-01,Sandvikens x Sirius,Gols,10,1.5,5.0,Red
2022-09-01,Klasvik x Torshavin,00 a 10,10,1.57,5.700000000000001,Green
2022-09-01,AZ x NEC,20 a 30,10,1.57,5.700000000000001,Green
2022-09-01,Anderlecht x Gent,10 a 20,10,1.57,5.700000000000001,Green
2022-09-01,Atalanta x Torino,00 a 10,10,1.57,5.700000000000001,Green
2022-09-01,Bologna x Salernitana,00 a 10,10,1.57,5.700000000000001,Green
2022-09-01,Leicester x Man United,00 a 10,10,1.53,5.300000000000001,Green
2022-09-01,Leicester x Man United,20 a 30,40,1.5,20.0,Red
2022-09-01,Anderlecht x Gent,60 a 70,10,1.5,5.0,Green
2022-09-01,Bologna x Salernitana,60 a 70,10,1.5,5.0,Green
2022-09-01,Anderlecht x Gent,80 a 90,10,1.5,5.0,Red
2022-09-01,Leicester x Man United,60 a 70,10,1.5,5.0,Red
2022-09-01,Aurora x Blooming,00 a 10,10,1.57,5.700000000000001,Green
2022-09-01,Atl Go x SP,20 a 30,10,1.5,5.0,Green
2022-09-02,Helsingor x Nyboking,00 a 10,10,1.57,5.700000000000001,Green
2022-09-02,Horn x Liefering,60 a 70,40,1.5,20.0,Red
2022-09-02,Cagliari x Moderna,00 a 10,40,1.5,20.0,Red
2022-09-02,Benfica x Vizela,70 a 80,10,2.1,11.0,Green
2022-09-02,Estoril x Sporting,00 a 10,40,1.5,20.0,Green
2022-09-02,Nautico x Ituano,00 a 10,10,1.5,5.0,Green
2022-09-02,Resistencia x Gen. Caballero,20 a 30,10,1.57,5.700000000000001,Green
2022-09-02,Emelec x Cumbaya,10 a 20,10,1.57,5.700000000000001,Green
2022-09-02,Emelec x Cumbaya,20 a 30,10,1.5,5.0,Green
2022-09-02,Resistencia x Gen. Caballero,70 a 80,10,1.53,5.300000000000001,Green
2022-09-03,Ternana x Cosenza,60 a 70,10,1.53,5.300000000000001,Green
2022-09-03,Union Berlim x Bayern,10 a 20,10,1.5,5.0,Green
2022-09-03,Albion x Torque,10 a 20,10,1.5,5.0,Green
2022-09-03,Chelsea x West Ham,10 a 20,10,1.53,5.300000000000001,Green
2022-09-03,Genoa x Parma,20 a 30,10,1.57,5.700000000000001,Green
2022-09-03,Leverkusen x Freiburg,60 a 70,10,1.5,5.0,Green
2022-09-03,Bodo x Molde,00 a 10,10,1.5,5.0,Green
2022-09-03,Milan x Inter,20 a 30,10,1.53,5.300000000000001,Green
2022-09-03,Milan x Inter,80 a 90,10,1.5,5.0,Red
2022-09-03,Armstetten x Blau Weiss,00 a 10,10,1.53,5.300000000000001,Green
2022-09-03,Dep Municipal x Sporting,10 a 20,10,1.5,5.0,Green
2022-09-03,Athletico x Flu,00 a 10,10,1.53,5.300000000000001,Green
2022-09-03,Bragantino x Palmeiras,00 a 10,10,1.5,5.0,Green
2022-09-03,Bahia x Tombense,00 a 10,10,1.57,5.700000000000001,Green
2022-09-03,Bragantino x Palmeiras,20 a 30,10,1.57,5.700000000000001,Green
2022-09-03,America Mg x Coritiba,30 a 40,10,1.5,5.0,Green
2022-09-03,Gualaceo x Barcelona,20 a 30,10,1.61,6.100000000000001,Green
2022-09-04,Flamengo x Ceará,00 a 10,40,1.44,17.599999999999994,Green
2022-09-04,Horsens x Brondby,10 a 20,40,1.5,20.0,Red
2022-09-04,Antwerp x Westerlo,00 a 10,10,1.53,5.300000000000001,Green
2022-09-04,Sudtirol x Pisa,10 a 20,10,1.61,6.100000000000001,Green
2022-09-04,Lask x Ried,00 a 10,40,1.5,20.0,Red
2022-09-04,Bilbao x Espaniol,60 a 70,10,1.57,5.700000000000001,Green
2022-09-04,Cuiabá x SP,00 a 10,10,1.57,5.700000000000001,Green
2022-09-04,River x Barracas,00 a 10,10,1.5,5.0,Green
2022-09-04,Cuiabá x SP,80 a 90,10,2.37,13.700000000000003,Green
2022-09-05,Helsinki x HIFK,20 a 30,10,1.5,5.0,Red
2022-09-05,Grorud x Ranheim,00 a 10,10,1.57,5.700000000000001,Green
2022-09-05,Sogndal x Skeid,10 a 20,10,1.5,5.0,Green
2022-09-05,Salernitana x Empoli,60 a 70,10,1.5,5.0,Green
2022-09-05,Galatasaray x Goziantep,70 a 80,10,1.5,5.0,Green
2022-09-05,U. Craiova x Farul,60 a 70,10,1.53,5.300000000000001,Green
2022-09-05,Chaves x Rio Ave,10 a 20,10,1.5,5.0,Green
2022-09-05,Binacional x Alianza ,10 a 20,10,1.44,4.399999999999999,Green
2022-09-05,Santos x Goiás,00 a 10,10,1.53,5.300000000000001,Green
2022-09-05,Def y Justicia x San Lorenzo,60 a 70,40,1.5,20.0,Green
2022-09-05,Delfin x Universitário,30 a 40,10,1.66,6.599999999999998,Green
2022-09-05,Oriente Petrolero x Aurora,20 a 30,10,1.53,5.300000000000001,Green
2022-09-06,Zagreb x Chelsea,10 a 20,40,1.5,20.0,Green
2022-09-06,Trelleborgs x Eskilstuna,10 a 20,10,1.5,5.0,Green
2022-09-06,Trelleborgs x Eskilstuna,20 a 30,10,1.5,5.0,Green
2022-09-06,Jonkopings x Osters,30 a 40,10,1.5,5.0,Green
2022-09-06,Zagreb x Chelsea,60 a 70,40,1.5,20.0,Red
2022-09-06,Celtic x Real Madrid,00 a 10,10,1.57,5.700000000000001,Green
2022-09-06,Sevilla x Man City,10 a 20,40,1.5,20.0,Red
2022-09-06,PSG x Juventus,20 a 30,40,1.5,20.0,Red
2022-09-06,Celtic x Real Madrid,50 a 60,10,1.5,5.0,Green
2022-09-06,Envigado x Aguilas,50 a 60,10,1.61,6.100000000000001,Green
2022-09-06,Univ. Vinto x Ind. Petrolero,60 a 70,10,1.5,5.0,Red
2022-09-06,Univ. Vinto x Ind. Petrolero,20 a 30,10,1.53,5.300000000000001,Green
2022-09-06,Palmeiras x Athletico,Múltipla,10,1.5,5.0,Red
2022-09-06,Palmeiras x Athletico,00 a 10,40,1.5,20.0,Red
2022-09-06,Vila Nova x Guarani,00 a 10,10,1.5,5.0,Green
2022-09-07,Yokohama x Shonan,10 a 20,40,1.5,20.0,Green
2022-09-07,Jeonbuk x Seoul,20 a 30,10,1.66,6.599999999999998,Green
2022-09-07,Tokyo x Kyoto,20 a 30,10,1.53,5.300000000000001,Green
2022-09-07,Vissel x Kashima,60 a 70,10,1.61,6.100000000000001,Green
2022-09-07,Deagu x Seongnam,60 a 70,10,1.57,5.700000000000001,Green
2022-09-07,Ajax x Rangers,00 a 10,10,1.57,5.700000000000001,Green
2022-09-07,Barcelona x Viktoria,00 a 10,10,1.57,5.700000000000001,Green
2022-09-07,Tottenham x Marselha,20 a 30,10,1.57,5.700000000000001,Green
2022-09-07,Gen Caballero x Guarani,30 a 40,10,1.5,5.0,Red
2022-09-07,Univ. Chile x Coquimbo,20 a 30,10,1.61,6.100000000000001,Green
2022-09-07,Atl Mg x RBB,00 a 10,10,1.53,5.300000000000001,Green
2022-09-07,Ponte Preta x Sport,20 a 30,10,1.53,5.300000000000001,Green
2022-09-07,Sol de America x Nacional,60 a 70,10,1.53,5.300000000000001,Green
2022-09-07,Ponte Preta x Sport,70 a 80,10,1.5,5.0,Green
2022-09-07,Venados x Mineros,00 a 10,10,1.57,5.700000000000001,Green
2022-09-07,Audax x Cobresal,00 a 10,10,1.61,6.100000000000001,Green
2022-09-08,Zurique x Arsenal,00 a 10,10,1.57,5.700000000000001,Green
2022-09-08,Mohamedia x Mouloudia,20 a 30,10,1.61,6.100000000000001,Green
2022-09-08,Lazio x Feyenoord,00 a 10,40,1.5,20.0,Red
2022-09-08,Freiburg x Qarabag,00 a 10,10,1.57,5.700000000000001,Green
2022-09-08,Molde x Gent,00 a 10,10,1.53,5.300000000000001,Green
2022-09-08,Sturm Graz x Midyjylland,20 a 30,10,1.61,6.100000000000001,Green
2022-09-08,Colo Colo x Union Espanola,10 a 20,10,1.5,5.0,Green
2022-09-08,Criciuma x Bahia,10 a 20,10,1.5,5.0,Green
2022-09-08,Criciuma x Bahia,50 a 60,10,1.5,5.0,Green
2022-09-08,Argentinos Jrs x Rosario Central,20 a 30,10,1.57,5.700000000000001,Green
2022-09-08,Real Espana x Herediano,10 a 20,40,1.5,20.0,Red
2022-09-08,Cruzeiro x Operario,00 a 10,10,1.5,5.0,Green
2022-09-08,SP X Atl Go,10 a 20,10,1.44,4.399999999999999,Green
2022-09-08,Real Espana x Herediano,60 a 70,10,1.57,5.700000000000001,Green
2022-09-08,Diriangen x Olimpia,10 a 20,10,1.57,5.700000000000001,Green
2022-09-09,Tetoua x Tanger,20 a 30 ,10,1.72,7.199999999999999,Green
2022-09-09,Rosario x Arg Jrs,60 a 70,10,1.5,5.0,Green
2022-09-09,Austria x Vorwarts,20 a 30 ,10,1.5,5.0,Green
2022-09-09,Nurnberg x Arm Bielefeld,30 a 40,10,1.5,5.0,Green
2022-09-09,Sonderjyske x Hvidovre,10 a 20,10,1.5,5.0,Green
2022-09-09,Sonderjyske x Hvidovre,20 a 30 ,10,1.5,5.0,Green
2022-09-09,Top Oss x Ajax,10 a 20,10,1.53,5.300000000000001,Green
2022-09-09,Floridsdorfer x Rapid Vienna,00 a 10,10,1.57,5.700000000000001,Green
2022-09-09,Werder Bremen x Augsburg,10 a 20,10,1.53,5.300000000000001,Green
2022-09-09,Werder Bremen x Augsburg,60 a 70,10,1.5,5.0,Green
2022-09-09,Torque x Dep Maldonado,20 a 30 ,10,1.57,5.700000000000001,Green
2022-09-09,O'Higgins x Antofagasta,10 a 20,10,1.57,5.700000000000001,Green
2022-09-09,O'Higgins x Antofagasta,20 a 30 ,10,1.53,5.300000000000001,Green
2022-09-09,Aurora x Potosi,00 a 10,10,1.53,5.300000000000001,Green
2022-09-10,Vilafranquense x Benfica,10 a 20,10,1.53,5.300000000000001,Green
2022-09-10,Seoul x Suwon,20 a 30,10,1.61,6.100000000000001,Green
2022-09-10,Vilafranquense x Benfica,20 a 30,10,1.5,5.0,Green
2022-09-10,Hannover x Braunschweig,00 a 10,10,1.53,5.300000000000001,Green
2022-09-10,Brommapojkarna x Landskrona,00 a 10,10,1.5,5.0,Green
2022-09-10,Paderborn x Regensburg,20 a 30,10,1.57,5.700000000000001,Green
2022-09-10,Lugo x Alaves,10 a 20,10,1.57,5.700000000000001,Green
2022-09-10,Parma x Ternana,10 a 20,10,1.61,6.100000000000001,Green
2022-09-10,Cosenza x Bari,10 a 20,10,1.53,5.300000000000001,Green
2022-09-10,Vasteras x Skovde,00 a 10,10,1.5,5.0,Green
2022-09-10,Benevento x Cagliari,60 a 70,10,1.5,5.0,Green
2022-09-10,Bayer x Stuttgart,00 a 10,40,1.5,20.0,Red
2022-09-10,Ceará x Santos,00 a 10,10,1.53,5.300000000000001,Green
2022-09-10,Inter x Cuiabá,00 a 10,10,1.57,5.700000000000001,Green
2022-09-10,Nashville x Galaxy,20 a 30,10,1.53,5.300000000000001,Green
2022-09-10,Alianza Lima x Cantolao,10 a 20,10,1.5,5.0,Green
2022-09-10,Inter x Cuiabá,60 a 70,10,1.5,5.0,Green
2022-09-10,Plaza x Nacional,10 a 20,10,1.5,5.0,Green
2022-09-10,Forge x Cavalry,10 a 20,10,1.5,5.0,Green
2022-09-10,Nublense x Palestino,00 a 10,40,1.5,20.0,Red
2022-09-10,Flu x Fortaleza,00 a 10,10,1.53,5.300000000000001,Green
2022-09-10,Portuguesa x Dep Brasil,00 a 10,10,1.57,5.700000000000001,Green
2022-09-10,Palmeiras x Juventude,10 a 20,10,1.5,5.0,Green
2022-09-10,Dallas x Los Angeles,20 a 30,10,1.53,5.300000000000001,Green
2022-09-10,Colorado x White Caps,10 a 20,10,1.5,5.0,Red
2022-09-11,Servette x Zurique ,00 a 10,10,1.57,5.700000000000001,Green
2022-09-11,Hammarby x Djugarden,00 a 10,10,1.57,5.700000000000001,Green
2022-09-11,Lecce x Monza,10 a 20,10,1.57,5.700000000000001,Green
2022-09-11,Brondby x Randers,00 a 10,10,1.57,5.700000000000001,Green
2022-09-11,Aucas x Emelec,60 a 70,10,1.53,5.300000000000001,Green
2022-09-12,Kongsvinger x KFUM ,10 a 20,10,1.5,5.0,Green
2022-09-12,Mjondalen x Skeid,20 a 30,40,1.53,21.200000000000003,Red
2022-09-12,Kalmar x Hacken,00 a 10,10,1.5,5.0,Green
2022-09-12,Viborg x Horsens,00 a 10,10,1.53,5.300000000000001,Green
2022-09-12,Gotemburgo x Helsingborg,00 a 10,10,1.5,5.0,Green
2022-09-12,Jagiellonia x Stal Mielec,10 a 20,10,1.53,5.300000000000001,Green
2022-09-12,Trelleborgs x Orgryte,50 a 60,10,1.5,5.0,Green
2022-09-12,Estrela x Academico,60 a 70,10,1.44,4.399999999999999,Green
2022-09-12,Demirspor x Trabzonspor,20 a 30,40,1.61,24.400000000000006,Red
2022-09-12,Guabira x Aurora,60 a 70,10,1.44,4.399999999999999,Green
2022-09-12,Vizela x Estoril,60 a 70,10,1.44,4.399999999999999,Green
2022-09-12,Ferro Castil x Moron,20 a 30,40,1.61,24.400000000000006,Red
2022-09-12,Real Tomayapo x Atletico Vinto,10 a 20,40,1.57,22.800000000000004,Red
2022-09-12,Sport x Bahia,00 a 10,40,1.5,20.0,Red
2022-09-13,Viktoria x Inter,00 a 10,10,1.57,5.700000000000001,Green
2022-09-13,Viktoria x Inter,60 a 70,10,1.53,5.300000000000001,Green
2022-09-13,Liverpool x Ajax,00 a 10,40,1.53,21.200000000000003,Red
2022-09-13,Bayern x Barcelona,50 a 60,10,1.57,5.700000000000001,Red
2022-09-13,Marselha x Frankfurt,70 a 80,40,1.57,22.800000000000004,Red
2022-09-13,Coquimbo x Audax,00 a 10,10,1.61,6.100000000000001,Green
2022-09-13,Operario x Guarani,00 a 10,10,1.5,5.0,Green
2022-09-13,Deportivo x Montevideo,60 a 70,40,1.5,20.0,Red
2022-09-13,Inter x Columbus,00 a 10,10,1.57,5.700000000000001,Green
2022-09-13,O'Higgins x Union La Calera,60 a 70,10,1.44,4.399999999999999,Green
2022-09-14,Rentistas x Torque,10 a 20,10,1.57,5.700000000000001,Green
2022-09-14,Milan x Din Zagreb,00 a 10,10,1.57,5.700000000000001,Green
2022-09-14,Milan x Din Zagreb,10 a 20,10,1.57,5.700000000000001,Green
2022-09-14,Shaktar x Celtic,50 a 60,10,1.53,5.300000000000001,Green
2022-09-14,Shaktar x Celtic,60 a 70,10,1.5,5.0,Green
2022-09-14,Shaktar x Celtic,80 a 90,10,1.5,5.0,Red
2022-09-14,Albion x River,20 a 30,10,1.57,5.700000000000001,Green
2022-09-14,Man City x Dortmund,00 a 10,10,1.57,5.700000000000001,Green
2022-09-14,Cobresal x Colo Colo,10 a 20,10,1.61,6.100000000000001,Green
2022-09-14,Flamengo x SP,00 a 10,10,1.44,4.399999999999999,Green
2022-09-15,Monaco x Ferencvarosi,00 a 10,10,1.57,5.700000000000001,Green
2022-09-15,Sheriff x Man United,10 a 20,40,1.5,20.0,Red
2022-09-15,Qarabag x Nantes,60 a 70,10,1.53,5.300000000000001,Green
2022-09-15,Liverpool x Penarol,00 a 10,10,1.57,5.700000000000001,Green
2022-09-15,Liverpool x Penarol,2 marcam,10,1.5,5.0,Red
2022-09-15,Bodo x Zurique,00 a 10,40,1.5,20.0,Red
2022-09-15,Koln x Slovacko,00 a 10,10,1.57,5.700000000000001,Green
2022-09-15,Liverpool x Penarol,60 a 70,10,1.5,5.0,Green
2022-09-15,Antofagasta x Curico Unido,10 a 20,10,1.53,5.300000000000001,Green
2022-09-15,Corinthians x Flu,00 a 10,10,1.57,5.700000000000001,Green
2022-09-15,Def Sportig x Cerro Largo,50 a 60,10,1.5,5.0,Green
2022-09-15,Def Sportig x Cerro Largo,70 a 80,10,1.44,4.399999999999999,Green
2022-09-15,America Cali x Dep Pereira,2 marcam,10,1.5,5.0,Red
2022-09-16,Al Attihad x Al Dhafra,00 a 10,40,1.5,20.0,Red
2022-09-16,Braunschwreig x Karlrusher,60 a 70,10,1.5,5.0,Green
2022-09-16,Brescia x Benevento,00 a 10,10,1.57,5.700000000000001,Green
2022-09-17,Gil Vicente x Rio Ave,20 a 30,10,1.53,5.300000000000001,Green
2022-09-17,Santa Clara x Paços de Ferreira,60 a 70,10,1.5,5.0,Green
2022-09-17,Gladbach x RB Leipzig,10 a 20,10,1.53,5.300000000000001,Green
2022-09-17,Dep Brasil x Portuguesa,00 a 10,10,1.57,5.700000000000001,Green
2022-09-17,Krakow x Pogon,00 a 10,10,1.53,5.300000000000001,Green
2022-09-17,Always Ready x Aurora,20 a 30,10,1.5,5.0,Green
2022-09-17,Avai x Atl Mg,30 a 40,10,1.5,5.0,Red
2022-09-17,Fortuna x Excelsior,60 a 70,10,1.44,4.399999999999999,Green
2022-09-17,Univ Sucre x Guabira,20 a 30,10,1.61,6.100000000000001,Green
2022-09-17,Mouloudia x Rabat,60 a 70,10,1.61,6.100000000000001,Green
2022-09-17,Botafogo x Coritiba,00 a 10,10,1.57,5.700000000000001,Green
2022-09-17,Botafogo x Coritiba,20 a 30,10,1.5,5.0,Green
2022-09-17,Univ Sucre x Guabira,60 a 70,10,1.57,5.700000000000001,Green
2022-09-17,Botafogo x Coritiba,70 a 80,10,1.5,5.0,Red
2022-09-17,Blooming x Ind Petrolero,20 a 30,10,1.57,5.700000000000001,Green
2022-09-17,Univ Deportes x Atl Grau,20 a 30,10,1.5,5.0,Green
2022-09-17,Austin x Nashville,20 a 30,10,1.57,5.700000000000001,Green
2022-09-17,Real Salt Lake x Cincinnati,20 a 30,40,1.5,20.0,Red
2022-09-17,Austin x Nashville,60 a 70,10,1.5,5.0,Green
2022-09-18,Midtjylland x Copenhagen,00 a 10,10,1.57,5.700000000000001,Green
2022-09-18,Raja x Tetouan,20 a 30,10,1.61,6.100000000000001,Green
2022-09-18,Hoffenheim x Freiburg,10 a 20,10,1.53,5.300000000000001,Green
2022-09-18,Racing x Las Palmas,60 a 70,10,1.53,5.300000000000001,Green
2022-09-18,Molde x Aelesund,00 a 10,10,1.5,5.0,Green
2022-09-18,Casa Pia x Farmalicao,60 a 70,10,1.5,5.0,Green
2022-09-18,Ceara x Sao Paulo,00 a 10,10,1.57,5.700000000000001,Green
2022-09-18,Fla x Flu,00 a 10,10,1.5,5.0,Green
2022-09-18,Ceara x Sao Paulo,50 a 60,10,1.5,5.0,Green
2022-09-18,Ceara x Sao Paulo,80 a 90,10,1.5,5.0,Red
2022-09-18,Juventude x Fortaleza,00 a 10,10,1.57,5.700000000000001,Green
2022-09-18,Palmeiras x Santos,00 a 10,40,1.5,20.0,Green
2022-09-18,Athletico x Cuiabá,00 a 10,10,1.57,5.700000000000001,Green
2022-09-18,Platense x Racing,30 a 40,10,1.5,5.0,Green
2022-09-18,Galaxy x El Paso,20 a 30,10,1.57,5.700000000000001,Green
2022-09-18,Platense x Racing,60 a 70,10,1.57,5.700000000000001,Green
2022-09-18,Pacific x Forge,60 a 70,10,1.5,5.0,Green
2022-09-18,America Cali x Patriotas,60 a 70,10,1.57,5.700000000000001,Green
2022-09-19,Sonderjyske x Vendsyssel,00 a 10,10,1.57,5.700000000000001,Green
2022-09-19,Feirense x Olivereinse,20 a 30,10,1.5,5.0,Green
2022-09-19,Feirense x Olivereinse,30 a 40,10,1.5,5.0,Green
2022-09-19,Feirense x Olivereinse,60 a 70,10,1.5,5.0,Green
2022-09-19,Feirense x Olivereinse,70 a 80,10,2.75,17.5,Green
2022-09-19,Arges x Cluj,60 a 70,10,1.53,5.300000000000001,Green
2022-09-19,Nac Assuncion x Gen Caballero,20 a 30,10,1.57,5.700000000000001,Green
2022-09-19,Boston River x Danubio,70 a 80,10,1.53,5.300000000000001,Green
2022-09-19,Boca Jr x Huracan,10 a 20,10,1.57,5.700000000000001,Green
2022-09-19,Santa fé x Indepediente,10 a 20,40,1.5,20.0,Red
2022-09-19,Atl Go x Inter,00 a 10,40,1.5,20.0,Red
2022-09-19,Torque x Liverpool,10 a 20,40,1.5,20.0,Red
2022-09-20,Guarani x Novorizontino,10 a 20,10,1.5,5.0,Green
2022-09-20,San Antonio x Colorado,20 a 30,10,1.5,5.0,Green
2022-09-20,Once Caldas x Envigado,20 a 30,10,1.66,6.599999999999998,Green
2022-09-21,Rentistas x Progresso,gols,10,1.5,5.0,Green
2022-09-21,Cortulua x Dep Cali,10 a 20,10,1.57,5.700000000000001,Green
2022-09-21,Cruzeiro x Vasco,00 a 10,10,1.5,5.0,Green
2022-09-21,NY RB x Detroit CIty,60 a 70,10,1.53,5.300000000000001,Green
2022-09-22,Croacia x Dinamarca,00 a 10,10,1.57,5.700000000000001,Green
2022-09-22,Belgica x País de Gales,20 a 30,10,1.66,6.599999999999998,Green
2022-09-22,Patriotas x Alianza,20 a 30,10,1.66,6.599999999999998,Green
2022-09-22,Polonia x Países Baixos,60 a 70,10,1.61,6.100000000000001,Green
2022-09-22,Aguilas x Magdalena,20 a 30,10,1.57,5.700000000000001,Green
2022-09-22,Atl Morelia x Cancun,00 a 10,10,1.53,5.300000000000001,Green
2022-09-22,Atl Morelia x Cancun,20 a 30,10,1.5,5.0,Green
2022-09-23,Dep. Maldonado x Boston River,10 a 20,10,1.57,5.700000000000001,Green
2022-09-23,Dep. Maldonado x Boston River,20 a 30,10,1.57,5.700000000000001,Green
2022-09-23,Londrina x Ponte Preta,00 a 10,10,1.5,5.0,Green
2022-09-24,Penarol x Torque,00 a 10,10,1.61,6.100000000000001,Green
2022-09-24,River x Talleres,10 a 20,10,1.57,5.700000000000001,Green
2022-09-24,Ind. Del Valle x Macara,10 a 20,10,1.57,5.700000000000001,Green
2022-09-25,Sao Caetano x XV Piracicaba,00 a 10,10,1.53,5.300000000000001,Green
2022-09-25,Dinamarca x França,00 a 10,10,1.66,6.599999999999998,Green
2022-09-25,País de Gales x Polonia,20 a 30,10,1.57,5.700000000000001,Green
2022-09-25,Austria x Croácia,30 a 40,10,1.5,5.0,Red
2022-09-25,Paises baixos x Belgica,60 a 70,10,1.66,6.599999999999998,Green
2022-09-25,Austria x Croácia,60 a 70,10,1.53,5.300000000000001,Green
2022-09-25,Nacional x Cerro Largo,00 a 10,10,1.61,6.100000000000001,Green
2022-09-25,Indy x Loudoun,10 a 20,10,1.57,5.700000000000001,Green
2022-09-25,Criciuma x Chape,00 a 10,40,1.5,20.0,Red
2022-09-25,Criciuma x Chape,30 a 40,10,1.44,4.399999999999999,Green
2022-09-25,Racing x Santa Fé,60 a 70,10,1.57,5.700000000000001,Green
2022-09-25,Cerro Porteno x Tacuary,00 a 10,10,1.5,5.0,Green
2022-09-25,Sp x Avai,00 a 10,40,1.5,20.0,Red
2022-09-25,Cerrito x Def. Sporting,20 a 30,20,1.5,10.0,Green
2022-09-26,CSA x Tombense,00 a 10,40,1.5,20.0,Red
2022-09-27,Dinamarca x Croácia,10 a 20,10,1.53,5.300000000000001,Green
2022-09-27,Austria x Gales,00 a 10,40,1.5,20.0,Red
2022-09-27,Brasil x Tunisia,Mult,10,2.0,10.0,Green
2022-09-27,Brasil x Tunisia,Pedro,10,2.0,10.0,Green
2022-09-27,Noruega x Servia,00 a 10,10,1.61,6.100000000000001,Green
2022-09-27,Portugal x Espanha,10 a 20,10,1.53,5.300000000000001,Green
2022-09-27,Raya 2 x Mineros,00 a 10,10,1.57,5.700000000000001,Green
2022-09-27,Santos x Athletico,00 a 10,10,1.57,5.700000000000001,Green
2022-09-27,Santos x Athletico,60 a 70 ,10,1.53,5.300000000000001,Green
2022-09-27,Honduras x Guatemala,20 a 30,10,1.66,6.599999999999998,Green
2022-09-28,Royal Pari x Always Ready,10 a 20,40,1.5,20.0,Red
2022-09-28,Corinthians x Atl Go,00 a 10,10,1.57,5.700000000000001,Green
2022-09-28,Flu x Juventude,00 a 10,10,1.53,5.300000000000001,Green
2022-09-28,Fortaleza x Flamengo,00 a 10,10,1.5,5.0,Green
2022-09-28,Corinthians x Atl Go,20 a 30,10,1.5,5.0,Green
2022-09-28,Cuiabá x America Mg,00 a 10,10,1.53,5.300000000000001,Green
2022-09-28,Inter x Bragantino,20 a 30,10,1.5,5.0,Green
2022-09-29,Tombense x Novorizontino,30 a 40,10,1.57,5.700000000000001,Green
2022-09-29,Vasco x Londrina,00 a 10,10,1.5,5.0,Green
2022-09-29,Ind Santa Fé x Nac Medellin,00 a 10,10,1.61,6.100000000000001,Green
2022-09-30,Radomiak x Crakow,00 a 10,10,1.57,5.700000000000001,Green
2022-09-30,First Vienna x Kapfenberg,00 a 10,10,1.53,5.300000000000001,Green
2022-09-30,Sporting x Gil Vicente,00 a 10,10,1.5,5.0,Red
2022-09-30,Wisla x Piast,Gols,10,1.5,5.0,Red
2022-09-30,Cosenza x Como,20 a 30,10,1.57,5.700000000000001,Green
2022-09-30,Mohamedia x Raja,20 a 30,10,1.66,6.599999999999998,Green
2022-09-30,Plaza x Liverpool,60 a 70,10,1.57,5.700000000000001,Green
2022-09-30,Guabira x Jorge Wilstermann,60 a 70,10,1.5,5.0,Green
2022-10-01,Jeonbuk x Pohang,30 a 40,10,1.72,7.199999999999999,Green
2022-10-01,Tampines x Geylang,60 a 70,10,1.5,5.0,Green
2022-10-01,Eskilstuna x Orebro,10 a 20,10,1.5,5.0,Green
2022-10-01,Greuther x Sandhausen,10 a 20,10,1.5,5.0,Green
2022-10-01,Holstein x Hansa,10 a 20,10,1.5,5.0,Green
2022-10-01,Hearts x Rangers,10 a 20,10,1.5,5.0,Green
2022-10-01,Spal x Genoa,10 a 20,10,1.53,5.300000000000001,Green
2022-10-01,Vendsyssel x Helsingor,10 a 20,10,1.57,5.700000000000001,Green
2022-10-01,Cittadella x Ternana,20 a 30,10,1.57,5.700000000000001,Green
2022-10-01,Rapid x Lafnitz ,10 a 20,10,1.53,5.300000000000001,Green
2022-10-01,Nykobing x Sonderjyske,30 a 40,10,1.53,5.300000000000001,Green
2022-10-01,Southampton x Everton,10 a 20,10,1.5,5.0,Green
2022-10-01,Crystal Palace x Chelsea,10 a 20,10,1.5,5.0,Green
2022-10-01,Vizela x Portimonense,20 a 30,10,1.53,5.300000000000001,Green
2022-10-01,Salzburg x LASK,00 a 10,10,1.57,5.700000000000001,Green
2022-10-01,Wolfsburg x Stuttgart,80 a 90,10,2.2,12.0,Green
2022-10-01,Brusque x Criciuma,60 a 70,40,1.5,20.0,Red
2022-10-01,Crystal Palace x Chelsea,60 a 70,40,1.5,20.0,Red
2022-10-01,Lillestrom x Bodo,00 a 10,10,1.5,5.0,Green
2022-10-01,Chaves x Estoril,00 a 10,10,1.57,5.700000000000001,Green
2022-10-01,Inter x Roma,60 a 70,10,1.57,5.700000000000001,Green
2022-10-01,Ceará x América,00 a 10,10,1.57,5.700000000000001,Green
2022-10-01,Inter x Santos,00 a 10,10,1.5,5.0,Green
2022-10-03,Santamarina x All Boys,20 a 30,10,1.53,5.300000000000001,Green
2022-10-03,Botafogo x Palmeiras,00 a 10,10,1.5,5.0,Green
2022-10-03,Guarani x Londrina,00 a 10,10,1.5,5.0,Green
2022-10-03,Botafogo x Palmeiras,10 a 20,10,1.5,5.0,Green
2022-10-03,Botafogo x Palmeiras,20 a 30,10,1.44,4.399999999999999,Green
2022-10-03,Tec. Universitário x Dep. Cuenca,20 a 30,10,1.61,6.100000000000001,Green
2022-10-04,Al Seeb x Al Rifa,60 a 70,10,1.5,5.0,Green
2022-10-04,Bayer Munique x Plzen,00 a 10,10,1.61,6.100000000000001,Green
2022-10-04,Osters x Brommapojkarn,00 a 10,10,1.53,5.300000000000001,Green
2022-10-04,Aldosivi x Barracas,20 a 30,10,1.57,5.700000000000001,Green
2022-10-04,Liverpool x Rangers,00 a 10,10,1.53,5.300000000000001,Green
2022-10-04,Ajax x Napoli,00 a 10,10,1.5,5.0,Red
2022-10-04,Porto x Leverkusen,10 a 20,10,1.57,5.700000000000001,Green
2022-10-04,Godoy Cruz x San Lorenzo,20 a 30,10,1.57,5.700000000000001,Green
2022-10-04,Porto x Leverkusen,60 a 70,10,1.57,5.700000000000001,Green
2022-10-04,Newells x Arsenal,60 a 70,10,1.57,5.700000000000001,Green
2022-10-04,Vila Nova x Criciuma,00 a 10,10,1.53,5.300000000000001,Green
2022-10-04,Operario x Vasco,00 a 10,10,1.5,5.0,Green
2022-10-04,Vila Nova x Criciuma,20 a 30,10,1.5,5.0,Green
2022-10-04,Sarmiento x Tigre,20 a 30,10,1.53,5.300000000000001,Green
2022-10-04,Nacional Potosi x Guabira,20 a 30,10,1.61,6.100000000000001,Green
2022-10-04,Brusque x Sport,60 a 70,10,1.5,5.0,Green
2022-10-04,Leones Negros x Celaya,60 a 70,10,1.5,5.0,Green
2022-10-04,Pumas Tabasco x Dorados,10 a 20,10,1.61,6.100000000000001,Green
2022-10-04,Juventude x Corinthians,10 a 20,10,1.5,5.0,Green
2022-10-04,Velez x Banfield,20 a 30,10,1.57,5.700000000000001,Green
2022-10-04,Real Espana x Alajuelense ,10 a 20,10,1.53,5.300000000000001,Green
2022-10-04,Pumas Tabasco x Dorados,70 a 80,10,1.53,5.300000000000001,Green
2022-10-04,Jorge Willstermann x Bolivar,60 a 70,10,1.53,5.300000000000001,Green
2022-10-04,Juventude x Corinthians,60 a 70,10,1.53,5.300000000000001,Green
2022-10-04,Juventude x Corinthians,80 a 90,10,2.0,10.0,Green
2022-10-05,Kupio x Haka,00 a 10,10,1.53,5.300000000000001,Green
2022-10-05,Kupio x Haka,20 a 30,10,1.5,5.0,Green
2022-10-05,Leipzig x Celtic,60 a 70,40,1.5,20.0,Red
2022-10-05,Sevilla x Dortmund,20 a 30,10,1.61,6.100000000000001,Green
2022-10-05,Atl Go x Flu,00 a 10,10,1.53,5.300000000000001,Green
2022-10-05,Santos x Atl Mg,20 a 30,10,1.53,5.300000000000001,Green
2022-10-05,Flamengo x Inter,20 a 30,10,1.5,5.0,Green
2022-10-05,Flamengo x Inter,20 a 30,10,1.5,5.0,Green
2022-10-06,Sturm Graz x Lazio,00 a 10,10,1.61,6.100000000000001,Green
2022-10-06,Múltipla 4,Multipla,10,2.75,17.5,Green
2022-10-06,Palmeiras x Coritiba,00 a 10,10,2.0,10.0,Green
2022-10-06,Huracan x Talleres,20 a 30,10,1.53,5.300000000000001,Green
2022-10-06,Lanus x Arg Jrs,20 a 30,10,1.66,6.599999999999998,Green
2022-10-06,Bucaramanga x Aguilas,20 a 30,40,1.5,20.0,Red
2022-10-06,America x SP,00 a 10,10,1.57,5.700000000000001,Green
2022-10-06,Avaí x Botafogo,00 a 10,10,1.53,5.300000000000001,Green
2022-10-06,America x SP,20 a 30,10,1.5,5.0,Green
2022-10-06,Blooming x Univ. Vinto,70 a 80,10,1.5,5.0,Red
2022-10-07,Amstetten x Lafnitz,00 a 10,10,1.5,5.0,Green
2022-10-07,Austria Vienna x Grazer,10 a 20,10,1.5,5.0,Green
2022-10-07,Vowarts x St. Polten,10 a 20,10,1.5,5.0,Green
2022-10-07,Adanaspor x Bandirmarspor,60 a 70,10,1.57,5.700000000000001,Green
2022-10-07,Lyon x Toulouse,10 a 20,10,1.61,6.100000000000001,Green
2022-10-07,Gil Vicente x Estoril Praia,20 a 30,10,1.5,5.0,Green
2022-10-07,Hoffenheim x Werder Bremen,60 a 70,10,1.5,5.0,Green
2022-10-07,Genoa x Cagliari,60 a 70,10,1.57,5.700000000000001,Green
2022-10-07,Maldonado x Cerro Largo,60 a 70,40,1.5,20.0,Red
2022-10-07,Huachipato x Coquimbo Unido,00 a 10,10,1.5,5.0,Green
2022-10-07,Cerrito x Albion,10 a 20,10,1.53,5.300000000000001,Green
2022-10-07,Delfin x LDU,20 a 30,10,1.5,5.0,Green
2022-10-07,Jaguares x La Equidad,Asiáticos,10,1.9,9.0,Green
2022-10-08,Krakow x Lechia,00 a 10,10,1.53,5.300000000000001,Green
2022-10-08,Hamburgo x Kaiserslautern,00 a 10,10,1.53,5.300000000000001,Green
2022-10-08,Young Boys x St Gallen,10 a 20,10,1.5,5.0,Green
2022-10-08,Reims x PSG,00 a 10,10,2.22,12.200000000000003,Green
2022-10-08,Burgos x Alavés,20 a 30,10,1.66,6.599999999999998,Green
2022-10-08,Reims x PSG,30 a 40,20,1.5,10.0,Red
2022-10-08,Reims x PSG,80 a 90,10,1.5,5.0,Red
2022-10-08,Cuiabá x Flamengo,00 a 10,10,1.57,5.700000000000001,Green
2022-10-08,Ponte Preta x Vila Nova,10 a 20,10,1.5,5.0,Green
2022-10-08,Cuiabá x Flamengo,20 a 30,10,1.5,5.0,Green
2022-10-08,Tombense x CRB,30 a 40,10,1.53,5.300000000000001,Green
2022-10-08,Union Espanola x O'Higgins,20 a 30,10,1.53,5.300000000000001,Green
2022-10-08,Corinthians x Athletico Pr,00 a 10,10,1.53,5.300000000000001,Green
2022-10-08,Melgar x Ayacucho,30 a 40,10,1.5,5.0,Green
2022-10-08,Corinthians x Athletico Pr,30 a 40,10,1.53,5.300000000000001,Green
2022-10-08,Dep. Pasto x Tolima,20 a 30,10,1.66,6.599999999999998,Green
2022-10-09,Vejle x Helsingor,00 a 10,10,1.61,6.100000000000001,Green
2022-10-09,Monza x Spezia,20 a 30,10,1.57,5.700000000000001,Green
2022-10-09,Salernitana x Verona,Asiáticos,10,1.5,5.0,Red
2022-10-09,Inter x Goiás,00 a 10,10,1.53,5.300000000000001,Green
2022-10-09,Ostersunds x Eskilstuna,60 a 70,10,1.5,5.0,Red
2022-10-09,Boa Vista x Marítimo,00 a 10,10,1.57,5.700000000000001,Green
2022-10-09,Odense x Silkeborg,30 a 40,10,1.5,5.0,Red
2022-10-09,Inter x Goiás,Asiáticos,10,1.7,7.0,Green
2022-10-09,Molde x HamKam,00 a 10,40,1.5,20.0,Red
2022-10-09,Bodo x Sanderfjord,00 a 10,10,1.57,5.700000000000001,Green
2022-10-09,Zaragoza x Oviedo,60 a 70,10,1.5,5.0,Green
2022-10-09,Arsenal x Liverpool,10 a 20,10,1.5,5.0,Green
2022-10-09,Arsenal x Liverpool,20 a 30,10,1.5,5.0,Green
2022-10-09,Rosenborg x Valerenga,00 a 10,10,1.5,5.0,Green
2022-10-10,Radomlje x Gorica,10 a 20,10,1.53,5.300000000000001,Green
2022-10-10,KFUM x Stabaek,10 a 20,10,1.5,5.0,Green
2022-10-10,Gliwice x Widzew,00 a 10,10,1.53,5.300000000000001,Green
2022-10-10,Audax x U. La Calera,30 a 40,10,1.61,6.100000000000001,Green
2022-10-10,Atl Go x Palmeiras,00 a 10,10,1.5,5.0,Green
2022-10-10,Santos x Juventude,00 a 10,10,1.53,5.300000000000001,Green
2022-10-10,Santos x Juventude,10 a 20,10,1.5,5.0,Green
2022-10-10,Nacional x Cerro Portenho,60 a 70,10,1.5,5.0,Green
2022-10-10,Ind. Petrolero x Aurora,00 a 10,40,1.5,20.0,Red
2022-10-10,Alianza Petrolera x Ind. Santa Fé,20 a 30,10,1.53,5.300000000000001,Green
2022-10-10,Alianza Lima x Dep. Municipal,20 a 30,10,1.5,5.0,Green
2022-10-11,Copenhagen x City,20 a 30,10,1.57,5.700000000000001,Green
2022-10-11,Jonkopings x Brage,10 a 20,10,1.5,5.0,Green
2022-10-11,Jonkopings x Brage,60 a 70,10,1.5,5.0,Green
2022-10-11,Milan x Chelsea,00 a 10,10,1.66,6.599999999999998,Green
2022-10-11,PSG x Benfica,00 a 10,10,1.61,6.100000000000001,Green
2022-10-11,Dortmund x Sevilla,20 a 30,10,1.61,6.100000000000001,Green
2022-10-11,Wigan x Blackburn,60 a 70,40,1.5,20.0,Red
2022-10-11,Patriotas x Dep. Pasto,00 a 10,10,1.66,6.599999999999998,Green
2022-10-11,Patriotas x Dep. Pasto,20 a 30,10,1.57,5.700000000000001,Green
2022-10-11,Cerro Largo x Rentistas,00 a 10,10,1.53,5.300000000000001,Green
2022-10-11,Cerro Largo x Rentistas,10 a 20,10,1.5,5.0,Green
2022-10-11,Guarani x CRB,00 a 10,10,1.53,5.300000000000001,Green
2022-10-11,Raya2 x Pumas,10 a 20,10,1.5,5.0,Green
2022-10-11,Guarani x CRB,20 a 30,40,1.5,20.0,Red
2022-10-11,Raya2 x Pumas,20 a 30,10,1.5,5.0,Green
2022-10-11,Nacional Potosi x Palmaflor,00 a 10,10,1.61,6.100000000000001,Green
2022-10-11,Alajuelense x Real Espana,10 a 20,10,1.53,5.300000000000001,Green
2022-10-11,Alajuelense x Real Espana,20 a 30,10,1.53,5.300000000000001,Green
2022-10-11,La Equidad x Cortulua,60 a 70,10,1.5,5.0,Green
2022-10-11,Sampaio x Chape,30 a 40,10,1.88,8.799999999999997,Green
2022-10-11,Alajuelense x Real Espana,50 a 60,10,1.53,5.300000000000001,Green
2022-10-11,Alajuelense x Real Espana,60 a 70,10,1.5,5.0,Green
2022-10-11,Ferro Carril x Almagro,60 a 70,10,1.5,5.0,Green
2022-10-11,Dep. Pereira x Envigado,20 a 30,10,1.66,6.599999999999998,Green
2022-10-11,Copenhagen x City,20 a 30,10,1.57,5.700000000000001,Green
2022-10-11,Jokopings x Brage,10 a 20,10,1.5,5.0,Green
2022-10-11,Jokopings x Brage,60 a 70,10,1.5,5.0,Green
2022-10-11,Milan x Chelsea,00 a 10,10,1.66,6.599999999999998,Green
2022-10-11,PSG x Benfica,00 a 10,10,1.61,6.100000000000001,Green
2022-10-11,Dortmund x Sevilla,20 a 30,10,1.61,6.100000000000001,Green
2022-10-11,Wigan x Blackburn,60 a 70,40,1.5,20.0,Red
2022-10-11,Patriotas x Dep. Pasto,00 a 10,10,1.66,6.599999999999998,Green
2022-10-11,Patriotas x Dep. Pasto,20 a 30,10,1.57,5.700000000000001,Green
2022-10-11,Cerro Largo x Rentistas,00 a 10,10,1.57,5.700000000000001,Green
2022-10-11,Cerro Largo x Rentistas,10 a 20,10,1.53,5.300000000000001,Green
2022-10-11,Guarani x CRB,00 a 10,40,1.5,20.0,Red
2022-10-11,Raya2 x Pumas Tabasco,10 a 20,10,1.5,5.0,Green
2022-10-11,Guarani x CRB,20 a 30,10,1.5,5.0,Green
2022-10-11,Raya2 x Pumas Tabasco,20 a 30,10,1.5,5.0,Green
2022-10-11,Potosí x Palmaflor,00 a 10,10,1.61,6.100000000000001,Green
2022-10-11,Alajuelense x Real España,10 a 20,10,1.53,5.300000000000001,Green
2022-10-11,Alajuelense x Real España,20 a 30,10,1.5,5.0,Green
2022-10-11,La Equidad x Cortulua,60 a 70,10,1.5,5.0,Green
2022-10-11,Sampaio x Chape,30 a 40,10,2.0,10.0,Green
2022-10-11,Alajuelense x Real España,50 a 60,10,1.53,5.300000000000001,Green
2022-10-11,Alajuelense x Real España,60 a 70,10,1.5,5.0,Green
2022-10-11,Ferro Carril x Almagro,60 a 70,10,1.5,5.0,Green
2022-10-11,Envigado x Dep. Pereira,20 a 30,10,1.66,6.599999999999998,Green
2022-10-12,Plaza Colonia x Torque,00 a 10,10,1.61,6.100000000000001,Green
2022-10-12,Plaza Colonia x Torque,60 a 70,10,1.57,5.700000000000001,Green
2022-10-12,Alavés x Balompié,20 a 30,10,1.61,6.100000000000001,Green
2022-10-12,Rangers x Liverpool,00 a 10,40,1.5,20.0,Red
2022-10-12,Sarmiento x Boca Jrs,20 a 30,10,1.57,5.700000000000001,Green
2022-10-12,Boston River x Peñarol,00 a 10,40,1.5,20.0,Red
2022-10-13,Qarabag x Olimpyakos,10 a 20,10,1.57,5.700000000000001,Green
2022-10-13,Feyenoord x Midtjylland,10 a 20,10,1.53,5.300000000000001,Green
2022-10-13,Bodo/Glimt x Arsenal,20 a 30,10,1.57,5.700000000000001,Green
2022-10-13,River URU x Liverpool URU,00 a 10,40,1.5,20.0,Red
2022-10-13,Trabzonspor x Monaco,00 a 10,10,1.66,6.599999999999998,Green
2022-10-13,River URU x Liverpool URU,60 a 70,10,1.57,5.700000000000001,Green
2022-10-13,FCSB x Silkeborg,60 a 70,10,1.5,5.0,Red
2022-10-13,Ferencvarosi x Estrela Vermelha,60 a 70,10,1.53,5.300000000000001,Green
2022-10-13,Lazio x Sturm Graz,70 a 80,10,1.61,6.100000000000001,Green
2022-10-13,Velez x Talleres,60 a 70,10,1.57,5.700000000000001,Green
2022-10-13,Guaraní x Sol de América,60 a 70,10,1.53,5.300000000000001,Green
2022-10-13,Albion x Nacional,00 a 10,40,1.5,20.0,Red
2022-10-13,Aurora x Real Santa Cruz,Asiáticos,10,1.66,6.599999999999998,Green
2022-10-13,Junior x U. Magdalena,10 a 20,10,1.66,6.599999999999998,Green
2022-10-13,Junior x U. Magdalena,20 a 30,10,1.66,6.599999999999998,Green
2022-10-13,R. Tomayapo x J. Willstermann,00 a 10,40,1.5,20.0,Red
2022-10-14,San Lorenzo Res x Gimnasia Res,00 a 10,10,1.53,5.300000000000001,Green
2022-10-14,Banfield res x Aldosivi Res,10 a 20,10,1.53,5.300000000000001,Green
2022-10-14,Talleres Res x Velez Res,20 a 30,10,1.53,5.300000000000001,Green
2022-10-14,Pazar x Vojvodina,Asiáticos,10,1.5,5.0,Red
2022-10-14,Lyngby x Aab,20 a 30,10,1.53,5.300000000000001,Green
2022-10-14,Floridsdorfer x Kapfenberg,60 a 70,10,1.53,5.300000000000001,Green
2022-10-14,Hobro x Vejle,60 a 70,10,1.57,5.700000000000001,Green
2022-10-14,Schalke x Hoffenheim,50 a 60,10,1.53,5.300000000000001,Green
2022-10-14,Lodz x Sandecja,60 a 70,10,1.5,5.0,Green
2022-10-14,MAS fes x Khouribga,70 a 80,10,1.57,5.700000000000001,Green
2022-10-14,Defensa y Justicia x U. Santa Fe,10 a 20,10,1.5,5.0,Green
2022-10-14,Defensa y Justicia x U. Santa Fe,20 a 30,10,1.5,5.0,Green
2022-10-14,Boyaca x Barranquilla,20 a 30,10,1.66,6.599999999999998,Green
2022-10-15,Frankfurt x Leverkusen,10 a 20,10,1.53,5.300000000000001,Green
2022-10-15,Fullham x Bournemouth,10 a 20,10,1.5,5.0,Green
2022-10-15,Wolverhampton x Forest,20 a 30,10,1.5,5.0,Green
2022-10-15,Fullham x Bournemouth,20 a 30,10,1.5,5.0,Green
2022-10-15,Nykobing x Hilerod,70 a 80,10,1.53,5.300000000000001,Green
2022-10-15,Bari x Ascoli,20 a 30,10,1.53,5.300000000000001,Green
2022-10-15,Lorient x Reims,00 a 10,10,1.61,6.100000000000001,Green
2022-10-15,Klagenfurt x LASK Linz,00 a 10,10,1.53,5.300000000000001,Green
2022-10-15,Reid x Rapid Vienna,10 a 20,10,1.5,5.0,Green
2022-10-15,Varnamo x Kalmar,00 a 10,10,1.5,5.0,Green
2022-10-15,Sion x Lucerne,00 a 10,10,1.53,5.300000000000001,Green
2022-10-15,Rosenborg x Stromsgodset,00 a 10,10,1.5,5.0,Green
2022-10-15,Torino x Juventus,20 a 30,40,1.5,20.0,Red
2022-10-15,Sittard x RKC,00 a 10,10,1.5,5.0,Green
2022-10-15,Estrela Amadora x Covilhã,10 a 20,10,1.5,5.0,Green
2022-10-15,Huesca x Racing Santander,60 a 70,10,1.5,5.0,Green
2022-10-15,Eagles x Heerenveen,00 a 10,10,1.5,5.0,Green
2022-10-15,Rentistas x Fenix,20 a 30,10,1.5,5.0,Green
2022-10-15,Bilbao x A. Madrid,60 a 70,10,1.61,6.100000000000001,Green
2022-10-16,Sport x Vasco,00 a 10,10,1.53,5.300000000000001,Green
2022-10-16,Ceará x Cuiabá,00 a 10,10,1.53,5.300000000000001,Green
2022-10-16,Palmeiras x São Paulo,00 a 10,10,1.5,5.0,Green
2022-10-17,Plodiv x Slavia Sofia,Gols,10,4.33,33.3,Green
2022-10-17,Tigre Res x Central Res,60 a 70,10,1.5,5.0,Green
2022-10-17,Racing Res x Lanus Res,60 a 70,10,1.5,5.0,Green
2022-10-17,Al Akhdod x Al Ain,20 a 30,10,1.72,7.199999999999999,Green
2022-10-17,Kongsvinger x Sandnes,00 a 10,10,1.5,5.0,Green
2022-10-17,Brann x Skeid,20 a 30,10,1.5,5.0,Red
2022-10-17,Kongsvinger x Sandnes,20 a 30,10,1.5,5.0,Green
2022-10-17,Silkeborg x Randers,00 a 10,10,1.57,5.700000000000001,Green
2022-10-17,Landskrona x Vasteras,20 a 30,10,1.57,5.700000000000001,Green
2022-10-17,Silkeborg x Randers,60 a 70,10,1.61,6.100000000000001,Green
2022-10-17,Torque x Boston River,30 a 40,10,1.57,5.700000000000001,Green
2022-10-17,Bastia x Bordeaux,20 a 30,10,1.66,6.599999999999998,Green
2022-10-17,Lecce x Fiorentina,20 a 30,10,1.61,6.100000000000001,Green
2022-10-17,Villareal x Osasuna,20 a 30,10,1.57,5.700000000000001,Green
2022-10-19,Hermmanstadt x CSU Craiova,20 a 30,10,1.61,6.100000000000001,Green
2022-10-19,Grazer x Sturm Graz,00 a 10,40,1.5,20.0,Red
2022-10-19,Sundsvall x Varmamo,00 a 10,10,1.57,5.700000000000001,Green
2022-10-19,Valladolid x Celta de Vigo,10 a 20,10,1.61,6.100000000000001,Green
2022-10-19,Brentford x Chelsea,00 a 10,10,1.57,5.700000000000001,Green
2022-10-19,Lucerne x St. Gallen,20 a 30,10,1.5,5.0,Green
2022-10-19,Brentford x Chelsea,20 a 30,40,1.5,20.0,Red
2022-10-19,Tambetary x Ameliano,10 a 20,10,1.57,5.700000000000001,Green
2022-10-19,Augsburg x Bayern Mun,70 a 80,10,1.5,5.0,Green
2022-10-19,Elche x Real Madrid,60 a 70,10,1.57,5.700000000000001,Green
2022-10-19,Strongest x Real Santa Cruz,00 a 10,10,1.57,5.700000000000001,Green
2022-10-19,Union Española x Univ. Católica,20 a 30,10,1.5,5.0,Red
2022-10-19,Potosí x Sucre,Gols,10,3.4,24.0,Green
2022-10-19,Guaraní x Nacional,Gols,10,3.5,25.0,Green
2022-10-19,Potosí x Sucre,60 a 70,10,1.5,5.0,Green
2022-10-19,Guabira x Bolivar,20 a 30,10,1.61,6.100000000000001,Green
2022-10-19,Guabira x Bolivar,Gols,10,1.5,5.0,Red
2022-10-19,Guabira x Bolivar,Gols,10,4.0,30.0,Green
2022-10-19,Flamengo x Corinthians,Gols,10,1.5,5.0,Green
2022-10-20,Giresunspor x Amasyaspor,10 a 20,10,1.5,5.0,Green
2022-10-20,Giresunspor x Amasyaspor,Gols,10,1.5,5.0,Red
2022-10-20,Giresunspor x Amasyaspor,Gols,10,3.0,20.0,Green
2022-10-20,El Hodoud x Future SC,00 a 10,10,1.61,6.100000000000001,Green
2022-10-20,Antwerp x Oostende,00 a 10,40,1.5,20.0,Red
2022-10-20,Sampdoria x Ascoli,Gols,10,1.5,5.0,Red
2022-10-20,Hammaby x Jokopkngs,Gols,10,1.5,5.0,Red
2022-10-20,Mannuci x Alianza Atl.,Gols,10,4.0,30.0,Green
2022-10-20,Blooming x Palmaflor,Gols,10,1.5,5.0,Red
2022-10-20,Blooming x Palmaflor,Gols,10,1.5,5.0,Red
2022-10-21,Skalica x Slovan Bratislava,00 a 10,10,1.5,5.0,Red
2022-10-21,Skalica x Slovan Bratislava,20 a 30,10,2.0,10.0,Green
2022-10-21,Liefering x Rapid Vienna,10 a 20,10,1.57,5.700000000000001,Green
2022-10-21,Darmstadt x Holsten Kiel,Gols,10,1.5,5.0,Green
2022-10-21,Darmstadt x Holsten Kiel,Gols,10,3.4,24.0,Green
2022-10-21,Opava x Pribran,Gols,10,3.75,27.5,Green
2022-10-21,Darmstadt x Holsten Kiel,Gols,10,2.75,17.5,Green
2022-10-21,River x Torque,Gols,10,1.5,5.0,Red
2022-10-21,River x Torque,Gols,10,1.5,5.0,Red
2022-10-21,Ajjacio x PSG,10 a 20,10,1.57,5.700000000000001,Green
2022-10-21,Widzew Lodz x Miedz Legnica,Gols,10,1.5,5.0,Red
2022-10-21,Brugge x Challeroi,Gols,10,1.5,5.0,Red
2022-10-21,Brugge x Challeroi,Gols,10,3.4,24.0,Green
2022-10-21,Brugge x Challeroi,Gols,10,3.4,24.0,Green
2022-10-21,Chape x Tombense,10 a 20,10,1.57,5.700000000000001,Green
2022-10-21,O'Higgins x Cobresal,20 a 30,10,1.57,5.700000000000001,Green
2022-10-21,O'Higgins x Cobresal,Gols,10,1.5,5.0,Red
2022-10-21,La Equidad x Un. Magdalena,Gols,10,4.33,33.3,Green
2022-10-21,Chape x Tombense,Gols,10,3.5,25.0,Green
2022-10-21,CRB x Operário,Gols,10,4.5,35.0,Green
2022-10-21,Dep Cuenca x Manshuc Runa,Gols,10,3.4,24.0,Green
2022-10-22,Trelleborgs x Ostersunds,Gols,20,1.5,10.0,Red
2022-10-22,Man City x Brighton,Gols,10,3.25,22.5,Green
2022-10-22,Farmalicão x Paços Ferreira,Gols duplo,10,7.66,66.6,Green
2022-10-22,Man City x Brighton,Gols,10,3.4,24.0,Green
2022-10-22,Montpelier x Marselha,Gols,10,3.75,27.5,Green
2022-10-22,Legia Varsovia x Pogon,Gols,20,1.5,10.0,Red
2022-10-22,HamKam x Stromgodset,Gols,10,1.5,5.0,Red
2022-10-22,HamKam x Stromgodset,Gols,10,3.75,27.5,Green
2022-10-22,Valência x Maiorca,Gols,20,1.5,10.0,Red
2022-10-22,RKC x Ajax,Gols,20,1.5,10.0,Red
2022-10-22,Bordeaux x Annecy,Gols,10,1.5,5.0,Red
2022-10-22,Bordeaux x Annecy,Gols,10,4.33,33.3,Green
2022-10-22,Estoril Praia x Braga,Gols,2,1.5,1.0,Red
2022-10-22,Chelsea x Man United,Gols,2,1.5,1.0,Red
2022-10-22,Londrina x Sport,Gols,10,1.5,5.0,Red
2022-10-22,Londrina x Sport,Gols,10,5.0,40.0,Green
2022-10-22,Sporting x Casa Pia,Gols,20,1.5,10.0,Red
2022-10-22,Marselha x Lens,Gols,20,1.5,10.0,Red
2022-10-22,Ameliano x Resistencia,Gols,20,1.5,10.0,Red
2022-10-22,Belenenses x Benfica B,Gols,10,3.75,27.5,Green
2022-10-22,Bahia x Vila Nova,Gols,10,1.5,5.0,Red
2022-10-22,America de Cali x Dep. Pasto,Gols,10,4.33,33.3,Green
2022-10-22,Emelec x Técnico Universitário,Gols,10,3.4,24.0,Green
2022-10-22,Cerro Largo x Peñarol,Gols,10,5.0,40.0,Green
2022-10-22,Corinthians x Santos,Gols,20,1.5,10.0,Red
2022-10-24,Cumbaya x Barcelona EQU,Gols,20,1.5,10.0,Red
2022-10-24,Ploiesti x Arges Pitesi,Gols,20,1.5,10.0,Red
2022-10-24,Djugarden x Sundsvall,Gols,10,3.4,24.0,Green
2022-10-24,Sirius x Kalmar,Gols,20,1.5,10.0,Red
2022-10-24,Gotemburgo x AIK,Gols,20,1.5,10.0,Red
2022-10-24,Ajax B x VVV,Gols,20,1.5,10.0,Red
2022-10-24,Zaglebie x Lechia Gdansk,Gols,10,3.5,25.0,Green
2022-10-24,Sassuolo x Verona,Gols,10,3.5,25.0,Green
2022-10-24,Celta x Getafe,Gols,10,1.5,5.0,Red
2022-10-25,CSA x Vila Nova,Gols,20,1.5,10.0,Red
2022-10-25,Flamengo x Santos,Gols,20,1.5,10.0,Red
2022-10-25,Athletico x Palmeiras,Gols,10,1.5,5.0,Red
2022-10-25,Athletico x Palmeiras,Gols,10,4.0,30.0,Green
2022-10-26,Krsko x Roltek,Gols,10,2.62,16.200000000000003,Green
2022-10-26,Rabat x Safi,Gols,10,5.0,40.0,Green
2022-10-26,Brugge x Porto,Gols,10,3.4,24.0,Green
2022-10-26,Brugge x Porto,Gols,10,1.5,5.0,Red
2022-10-26,Rabat x Safi,Gols,20,1.5,10.0,Red
2022-10-26,Napoli x Rangers,Gols,10,1.5,5.0,Red
2022-10-26,Napoli x Rangers,Gols,10,3.4,24.0,Green
2022-10-26,Tottenham x Sporting,Gols,10,1.5,5.0,Red
2022-10-26,Tottenham x Sporting,Gols,10,3.75,27.5,Green
2022-10-26,Ajax x Liverpool,Gols,20,1.5,10.0,Red
2022-10-26,Atl. Progreso x Defensor,Gols,10,1.5,5.0,Red
2022-10-26,Tottenham x Sporting,Gols,10,1.5,5.0,Red
2022-10-26,Tottenham x Sporting,Gols,10,3.4,24.0,Green
2022-10-26,Univ. de Chile x U. Española,Gols,20,1.5,10.0,Red
2022-10-26,Univ. de Chile x U. Española,Gols,20,1.5,10.0,Red
2022-10-26,Alacranes x Celaya,Gols,10,1.5,5.0,Red
2022-10-26,Botafogo x Bragantino,Gols,10,3.75,27.5,Green
2022-10-26,Inter x Ceará,Gols,10,5.0,40.0,Green
2022-10-27,Dinamo Bucareste x Slatina,Gols,20,1.5,10.0,Red
2022-10-27,Sturm Graz x Feyenoord,Gols,10,1.5,5.0,Red
2022-10-27,Freiburg x Olympiakos,Gols,20,1.5,10.0,Red
2022-10-27,Berkane x Khouribga,Gols,10,1.5,5.0,Red
2022-10-27,São Paulo x Atlético GO,Gols,10,3.75,27.5,Green
2022-10-27,Atlético MG x Juventude,Gols,10,3.4,24.0,Green
2022-10-27,Cerro Porteño x Gen Caballero,Gols,10,1.5,5.0,Red
2022-10-27,Cerro Porteño x Gen Caballero,Gols,10,4.0,30.0,Green
2022-10-27,Fortaleza x Coritiba,Gols,10,3.5,25.0,Green
2022-10-27,Atlético MG x Juventude,Gols,10,1.5,5.0,Red
2022-10-27,Cuiabá x Avaí,Gols,20,1.5,10.0,Red
2022-10-27,Vasco x Sampaio,Gols,10,4.0,30.0,Green
2022-10-27,Vasco x Sampaio,Gols,10,1.5,5.0,Red
2022-10-27,Vasco x Sampaio,Gols,10,1.5,5.0,Red
2022-10-27,Vasco x Sampaio,Gols,10,3.75,27.5,Green
2022-10-28,Blagoevgrad x Plodiv,Gols,20,1.5,10.0,Red
2022-10-28,Sigma x Vyskov,Gols,10,4.33,33.3,Green
2022-10-28,Targoviste x Botosani,Gols,10,1.5,5.0,Red
2022-10-28,Targoviste x Botosani,Gols,10,4.33,33.3,Green
2022-10-28,Kardzhali x CSKA Sofia,Gols,20,1.5,10.0,Red
2022-10-28,St Polten x Austria Vienna II,Gols,10,3.75,27.5,Green
2022-10-28,Amstetten x Grazer,Gols,10,3.5,25.0,Green
2022-10-28,Greuther Furth x Arminia B,Gols,10,1.5,5.0,Red
2022-10-28,Greuther Furth x Arminia B,Gols,10,3.75,27.5,Green
2022-10-28,Magdeburg x Heidenheim,Gols,10,1.5,5.0,Red
2022-10-28,Magdeburg x Heidenheim,Gols,10,3.75,27.5,Green
2022-10-28,Helsingor x Vendyssel,Gols,20,1.5,10.0,Red
2022-10-28,Magdeburg x Heidenheim,Gols,10,1.5,5.0,Red
2022-10-28,VVV x AZ Reservas,Gols,10,1.5,5.0,Red
2022-10-28,Werder Bremen x Hertha Berlin,Gols,20,1.5,10.0,Red
2022-10-28,Helsingor x Vendyssel,Gols,10,1.5,5.0,Red
2022-10-28,Paços Ferreira x Marítimo,Gols,20,1.5,10.0,Red
2022-10-28,Bahia x Guarani,Gols,10,5.0,40.0,Green
2022-10-28,Sport x Operário,Gols,10,1.5,5.0,Red
2022-10-28,Sport x Operário,Gols,10,4.5,35.0,Green
2022-10-28,Bahia x Guarani,Gols,20,1.5,10.0,Red
2022-10-28,Bahia x Guarani,Gols,10,1.5,5.0,Red
2022-10-28,San Antonio FC x Oakland,Gols,10,4.33,33.3,Green
2022-10-29,Genoa x Brescia,Gols,10,3.5,25.0,Green
2022-10-29,PSG x Troyes,Gols,10,3.0,20.0,Green
2022-10-29,Salzburg x Hartberg,Gols,20,1.5,10.0,Red
2022-10-29,Lustenau x Rapid Vienna,Gols,10,3.25,22.5,Green
2022-10-29,Heerenveen x Utretch,Gols,10,3.4,24.0,Green
2022-10-29,Stromsgodset x Haugesund,Gols,10,3.4,24.0,Green
2022-10-29,Voluntari x Ploiesti,Gols,20,1.5,10.0,Red
2022-10-29,Leganes x R. Santander,Gols,20,1.5,10.0,Red
2022-10-30,Torino x Milan,Gols,10,1.5,5.0,Red
2022-10-30,Torino x Milan,Gols,10,4.33,33.3,Green
2022-10-30,Gil Vicente x Braga,Gols,20,1.5,10.0,Red
2022-10-30,Colo-Colo x O'Higgins,Gols,20,1.5,10.0,Red
2022-10-30,Lyon x Lille,Gols,10,3.5,25.0,Green
2022-10-30,Gil Vicente x Braga,Gols,10,3.25,22.5,Green
2022-10-31,Giannina x Asteras,Gols,20,1.5,10.0,Red
2022-10-31,Botev x Beroe,Gols,20,1.5,10.0,Red
2022-10-31,Al Arab x Pharco,Gols,20,1.5,10.0,Red
2022-10-31,Verona x Roma,Gols,10,4.33,33.3,Green
2022-10-31,Elfsborg x Helsingborg,Gols,20,1.5,10.0,Red
2022-10-31,Verona x Roma,Gols,10,1.5,5.0,Red
2022-10-31,Midtjylland x Odense,Gols,10,1.5,5.0,Red
2022-10-31,Ceará x Fluminense,Gols,20,1.5,10.0,Red
