Date,HomeTeam,AwayTeam,outcome_by_HOME,AVERAGE_ODD_WIN,AVERAGE_ODD_DRAW,AVERAGE_ODD_OPPONENT_WIN,RANKINGHOME,RANKING AWAY,LAST_GAME_RHOMETEAM,LAST_GAME_RAWAYTEAM
08/08/2015,Bournemouth,Aston Villa,L,7.024,3.303,3.748,20,17,0,0
08/08/2015,Chelsea,Swansea,D,6.697,4.338,8.967,1,8,0,0
08/08/2015,Everton,Watford,D,6.842,3.514,4.852,11,20,0,0
08/08/2015,Leicester,Sunderland,W,7,3.207,3.742,14,16,0,0
08/08/2015,Man United,Tottenham,W,6.477,3.651,5.318,4,5,0,0
08/08/2015,Norwich,Crystal Palace,L,7.427,3.16,2.894,20,10,0,0
09/08/2015,Arsenal,West Ham,L,6.763,5.04,10.098,3,12,0,0
09/08/2015,Newcastle,Southampton,D,7.63,3.198,2.689,15,7,0,0
09/08/2015,Stoke,Liverpool,L,8.011,3.356,2.416,9,6,0,0
10/08/2015,West Brom,Man City,L,9.263,4.136,2.105,13,2,0,0
14/08/2015,Aston Villa,Man United,L,9.343,3.966,2.142,17,4,1,-1
15/08/2015,Southampton,Everton,L,7.024,3.278,3.9,7,11,1,0
15/08/2015,Sunderland,Norwich,L,7.358,3.148,3.019,16,20,-1,-1
15/08/2015,Swansea,Newcastle,W,6.983,3.335,3.912,8,15,0,1
15/08/2015,Tottenham,Stoke,D,6.887,3.446,4.498,5,9,-1,0
15/08/2015,Watford,West Brom,D,7.246,3.199,3.175,20,13,1,-1
15/08/2015,West Ham,Leicester,L,7.202,3.257,3.229,12,14,1,-1
16/08/2015,Crystal Palace,Arsenal,L,9.465,3.953,2.11,10,3,0,-1
16/08/2015,Man City,Chelsea,W,6.869,3.268,3.537,2,1,1,-1
17/08/2015,Liverpool,Bournemouth,W,6.526,4.224,7.071,6,20,1,1
22/08/2015,Crystal Palace,Aston Villa,W,6.468,3.337,4.237,10,17,-1,0
22/08/2015,Leicester,Tottenham,D,7.084,3.31,2.698,14,5,0,1
22/08/2015,Man United,Newcastle,D,6.034,4.607,8.468,4,15,1,0
22/08/2015,Norwich,Stoke,D,6.818,3.172,3.135,20,9,0,-1
22/08/2015,Sunderland,Swansea,D,7.818,3.4,2.294,16,8,-1,0
22/08/2015,West Ham,Bournemouth,L,6.835,3.231,3.086,12,20,1,0
23/08/2015,Everton,Man City,L,8.504,3.983,2.075,11,2,1,0
23/08/2015,Watford,Southampton,D,7.116,3.206,2.709,20,7,0,0
23/08/2015,West Brom,Chelsea,L,9.549,4.079,2.131,13,1,-1,0
24/08/2015,Arsenal,Liverpool,D,6.081,3.567,4.6,3,6,1,-1
29/08/2015,Aston Villa,Sunderland,D,6.406,3.278,4.167,17,16,0,-1
29/08/2015,Bournemouth,Leicester,D,6.602,3.283,3.277,20,14,1,1
29/08/2015,Chelsea,Crystal Palace,L,6.144,4.511,8.827,1,10,0,0
29/08/2015,Liverpool,West Ham,L,6.181,4.603,8.137,6,12,1,1
29/08/2015,Man City,Watford,W,6.333,6.46,12.909,2,20,1,0
29/08/2015,Newcastle,Arsenal,L,9.335,4.236,2.087,15,3,1,0
29/08/2015,Stoke,West Brom,L,6.413,3.225,3.992,9,13,-1,-1
29/08/2015,Tottenham,Everton,D,6.452,3.32,3.787,5,11,-1,-1
30/08/2015,Southampton,Norwich,W,6.477,3.282,3.666,7,20,0,1
30/08/2015,Swansea,Man United,W,7.557,3.318,2.37,8,4,-1,-1
12/09/2015,Arsenal,Stoke,W,5.744,5.093,10.315,3,9,1,0
12/09/2015,Crystal Palace,Man City,L,8.754,4.226,2.076,10,2,0,0
12/09/2015,Everton,Chelsea,W,7.629,3.516,2.227,11,1,-1,0
12/09/2015,Man United,Liverpool,W,6.077,3.248,4.084,4,6,-1,-1
12/09/2015,Norwich,Bournemouth,W,6.289,3.248,3.003,20,20,-1,1
12/09/2015,Watford,Swansea,W,6.536,3.187,2.757,20,8,0,-1
12/09/2015,West Brom,Southampton,D,6.796,3.186,2.56,13,7,1,0
13/09/2015,Leicester,Aston Villa,W,6.047,3.383,4.091,14,17,1,1
13/09/2015,Sunderland,Tottenham,L,7.741,3.589,2.204,16,5,0,1
14/09/2015,West Ham,Newcastle,W,6.067,3.266,3.226,12,15,0,-1
19/09/2015,Aston Villa,West Brom,L,6.653,3.105,3.255,17,13,1,-1
19/09/2015,Bournemouth,Sunderland,W,6.283,3.551,4.761,20,16,0,-1
19/09/2015,Chelsea,Arsenal,W,6.766,3.286,2.99,1,3,1,1
19/09/2015,Man City,West Ham,L,6.223,5.524,10.632,2,12,0,0
19/09/2015,Newcastle,Watford,L,6.817,3.204,2.934,15,20,-1,-1
19/09/2015,Stoke,Leicester,D,6.802,3.199,2.937,9,14,-1,1
19/09/2015,Swansea,Everton,D,6.662,3.21,3.172,8,11,1,0
20/09/2015,Liverpool,Norwich,D,6.243,3.618,5.224,6,20,0,-1
20/09/2015,Southampton,Man United,L,7.29,3.205,2.525,7,4,1,0
20/09/2015,Tottenham,Crystal Palace,W,6.445,3.349,3.758,5,10,0,0
26/09/2015,Leicester,Arsenal,L,8.337,3.89,2.123,14,3,-1,1
26/09/2015,Liverpool,Aston Villa,W,6.292,3.82,6.393,6,17,-1,1
26/09/2015,Man United,Sunderland,W,6.398,5.995,13.069,4,16,-1,-1
26/09/2015,Newcastle,Chelsea,D,9.637,4.18,2.078,15,1,0,1
26/09/2015,Southampton,Swansea,W,6.618,3.19,3.688,7,8,0,1
26/09/2015,Stoke,Bournemouth,W,6.955,3.207,2.887,9,20,0,-1
26/09/2015,Tottenham,Man City,W,8.031,3.71,2.172,5,2,1,0
26/09/2015,West Ham,Norwich,D,6.735,3.264,3.223,12,20,1,0
27/09/2015,Watford,Crystal Palace,L,6.954,3.17,2.919,20,10,0,1
28/09/2015,West Brom,Everton,L,7.096,3.226,2.544,13,11,-1,-1
03/10/2015,Aston Villa,Stoke,L,7.259,3.195,2.948,17,9,-1,1
03/10/2015,Bournemouth,Watford,D,6.997,3.223,3.484,20,20,0,1
03/10/2015,Chelsea,Southampton,L,6.778,3.425,4.437,1,7,-1,1
03/10/2015,Crystal Palace,West Brom,W,6.673,3.287,4.468,10,13,-1,-1
03/10/2015,Man City,Newcastle,W,6.617,5.881,11.743,2,15,1,1
03/10/2015,Norwich,Leicester,L,7.126,3.298,3.094,20,14,0,0
03/10/2015,Sunderland,West Ham,D,7.607,3.355,2.457,16,12,-1,1
04/10/2015,Arsenal,Man United,W,6.951,3.407,3.544,3,4,-1,1
04/10/2015,Everton,Liverpool,D,7.32,3.193,2.773,11,6,-1,0
04/10/2015,Swansea,Tottenham,D,7.407,3.221,2.739,8,5,-1,1
17/10/2015,Chelsea,Aston Villa,W,6.862,4.748,8.7,1,17,1,0
17/10/2015,Crystal Palace,West Ham,L,7.148,3.354,3.64,10,12,1,1
17/10/2015,Everton,Man United,L,7.887,3.283,2.48,11,4,-1,0
17/10/2015,Man City,Bournemouth,W,6.741,4.878,8.755,2,20,-1,-1
17/10/2015,Southampton,Leicester,D,6.994,3.5,4.502,7,14,0,-1
17/10/2015,Tottenham,Liverpool,D,7.385,3.281,2.9,5,6,1,1
17/10/2015,Watford,Arsenal,L,10.148,4.323,2.076,20,3,-1,1
17/10/2015,West Brom,Sunderland,W,7.138,3.16,3.829,13,16,0,1
18/10/2015,Newcastle,Norwich,W,7.576,3.253,2.779,15,20,-1,1
19/10/2015,Swansea,Stoke,L,6.93,3.18,3.768,8,9,-1,-1
24/10/2015,Arsenal,Everton,W,6.539,4.21,7.108,3,11,1,-1
24/10/2015,Aston Villa,Swansea,L,7.472,3.16,2.639,17,8,0,1
24/10/2015,Leicester,Crystal Palace,W,6.971,3.25,3.234,14,10,1,1
24/10/2015,Norwich,West Brom,L,6.798,3.229,3.777,20,13,0,1
24/10/2015,Stoke,Watford,L,6.842,3.143,3.665,9,20,-1,0
24/10/2015,West Ham,Chelsea,W,8.251,3.646,2.194,12,1,1,0
25/10/2015,Bournemouth,Tottenham,L,7.875,3.337,2.369,20,5,-1,1
25/10/2015,Liverpool,Southampton,D,6.831,3.315,3.64,6,7,-1,-1
25/10/2015,Man United,Man City,D,7.261,3.273,2.794,4,2,-1,0
25/10/2015,Sunderland,Newcastle,W,7.206,3.227,2.858,16,15,0,-1
31/10/2015,Chelsea,Liverpool,L,7.2,3.223,3.546,1,6,-1,-1
31/10/2015,Crystal Palace,Man United,D,8.606,3.42,2.281,10,4,-1,1
31/10/2015,Man City,Norwich,W,6.882,5.307,10.254,2,20,-1,-1
31/10/2015,Newcastle,Stoke,D,7.429,3.236,3.018,15,9,-1,1
31/10/2015,Swansea,Arsenal,L,9.391,3.952,2.087,8,3,1,-1
31/10/2015,Watford,West Ham,W,7.565,3.216,2.817,20,12,0,-1
31/10/2015,West Brom,Leicester,L,7.734,3.234,2.642,13,14,1,0
01/11/2015,Everton,Sunderland,W,6.858,3.947,6.504,11,16,0,1
01/11/2015,Southampton,Bournemouth,W,6.871,3.86,5.794,7,20,1,0
02/11/2015,Tottenham,Aston Villa,W,6.486,4.191,7.384,5,17,1,1
07/11/2015,Bournemouth,Newcastle,L,6.962,3.292,3.247,20,15,-1,1
07/11/2015,Leicester,Watford,W,6.711,3.434,4.056,14,20,1,-1
07/11/2015,Man United,West Brom,W,6.474,4.48,9.794,4,13,0,0
07/11/2015,Norwich,Swansea,W,7.153,3.235,2.902,20,8,-1,0
07/11/2015,Stoke,Chelsea,W,8.132,3.45,2.265,9,1,0,1
07/11/2015,Sunderland,Southampton,L,8.928,3.765,2.126,16,7,1,0
07/11/2015,West Ham,Everton,D,7.229,3.289,2.771,12,11,1,1
08/11/2015,Arsenal,Tottenham,D,6.637,3.672,4.607,3,5,-1,-1
08/11/2015,Aston Villa,Man City,D,11.184,4.951,2.112,17,2,-1,-1
08/11/2015,Liverpool,Crystal Palace,L,6.581,3.513,5.223,6,10,0,1
21/11/2015,Chelsea,Norwich,W,6.384,4.318,7.6,1,20,1,0
21/11/2015,Everton,Aston Villa,W,6.421,3.755,5.8,11,17,-1,-1
21/11/2015,Man City,Liverpool,L,6.506,3.613,5.041,2,6,1,-1
21/11/2015,Newcastle,Leicester,L,7.056,3.392,2.57,15,14,-1,0
21/11/2015,Southampton,Stoke,L,6.433,3.596,5.818,7,9,0,1
21/11/2015,Swansea,Bournemouth,D,6.628,3.316,4.144,8,20,-1,1
21/11/2015,Watford,Man United,L,8.269,3.475,2.254,20,4,-1,-1
21/11/2015,West Brom,Arsenal,W,10.233,4.524,2.091,13,3,-1,1
22/11/2015,Tottenham,West Ham,W,6.338,3.812,5.688,5,12,0,1
23/11/2015,Crystal Palace,Sunderland,L,6.098,3.657,5.957,10,16,1,1
28/11/2015,Aston Villa,Watford,L,7.984,3.139,2.78,17,20,0,-1
28/11/2015,Bournemouth,Everton,D,8.137,3.392,2.521,20,11,0,0
28/11/2015,Crystal Palace,Newcastle,W,7.295,3.566,4.786,10,15,-1,1
28/11/2015,Leicester,Man United,D,8.078,3.355,2.462,14,4,1,-1
28/11/2015,Man City,Southampton,W,7.224,3.912,5.553,2,7,0,1
28/11/2015,Sunderland,Stoke,W,8.275,3.23,2.515,16,9,-1,1
29/11/2015,Liverpool,Swansea,W,7.077,4.069,6.776,6,8,1,-1
29/11/2015,Norwich,Arsenal,D,10.402,4.382,2.043,20,3,0,1
29/11/2015,Tottenham,Chelsea,D,7.79,3.246,2.817,5,1,-1,-1
29/11/2015,West Ham,West Brom,D,7.501,3.219,3.646,12,13,0,1
05/12/2015,Arsenal,Sunderland,W,6.974,5.24,11.193,3,16,0,-1
05/12/2015,Chelsea,Bournemouth,L,6.936,4.562,8.237,1,20,1,-1
05/12/2015,Man United,West Ham,D,6.934,4.041,7.827,4,12,1,0
05/12/2015,Southampton,Aston Villa,D,6.96,3.845,6.565,7,17,0,1
05/12/2015,Stoke,Man City,W,9.723,3.995,2.085,9,2,-1,0
05/12/2015,Swansea,Leicester,L,7.763,3.271,2.684,8,14,-1,1
05/12/2015,Watford,Norwich,W,7.332,3.216,3.432,20,20,-1,-1
05/12/2015,West Brom,Tottenham,D,9.117,3.606,2.172,13,5,1,-1
06/12/2015,Newcastle,Liverpool,W,10.125,4.273,2.062,15,6,1,1
07/12/2015,Everton,Crystal Palace,D,7.056,3.301,3.52,11,10,-1,1
12/12/2015,Bournemouth,Man United,W,8.561,3.329,2.415,20,4,-1,1
12/12/2015,Crystal Palace,Southampton,W,7.979,3.165,2.882,10,7,-1,-1
12/12/2015,Man City,Swansea,W,7.313,5.032,9.573,2,8,-1,0
12/12/2015,Norwich,Everton,D,8.24,3.351,2.564,20,11,0,1
12/12/2015,Sunderland,Watford,L,8.178,3.157,2.689,16,20,-1,1
12/12/2015,West Ham,Stoke,D,8.016,3.148,2.838,12,9,0,1
13/12/2015,Aston Villa,Arsenal,L,11.004,4.377,2.079,17,3,0,1
13/12/2015,Liverpool,West Brom,D,7.26,4.15,8.18,6,13,1,0
13/12/2015,Tottenham,Newcastle,L,7.407,4.577,7.911,5,15,-1,0
14/12/2015,Leicester,Chelsea,W,8.202,3.388,2.438,14,1,-1,1
19/12/2015,Chelsea,Sunderland,W,7.178,4.844,10.134,1,16,-1,1
19/12/2015,Everton,Leicester,L,7.559,3.393,3.344,11,14,-1,-1
19/12/2015,Man United,Norwich,L,7.161,4.037,7.228,4,20,1,0
19/12/2015,Newcastle,Aston Villa,D,7.365,3.247,3.71,15,17,-1,1
19/12/2015,Southampton,Tottenham,L,7.942,3.235,2.74,7,5,-1,1
19/12/2015,Stoke,Crystal Palace,L,7.792,3.127,2.992,9,10,1,1
19/12/2015,West Brom,Bournemouth,L,7.856,3.158,2.878,13,20,0,-1
20/12/2015,Swansea,West Ham,D,7.315,3.189,3.535,8,12,-1,1
20/12/2015,Watford,Liverpool,W,8.915,3.499,2.219,20,6,-1,0
21/12/2015,Arsenal,Man City,W,7.572,3.325,2.931,3,2,0,1
26/12/2015,Aston Villa,West Ham,D,7.83,3.15,2.767,17,12,0,1
26/12/2015,Bournemouth,Crystal Palace,D,7.671,3.242,2.913,20,10,-1,0
26/12/2015,Chelsea,Watford,D,7.162,4.082,6.767,1,20,1,1
26/12/2015,Liverpool,Leicester,W,7.45,3.507,3.647,6,14,-1,1
26/12/2015,Man City,Sunderland,W,7.199,6.082,13.055,2,16,-1,-1
26/12/2015,Newcastle,Everton,L,8.384,3.447,2.363,15,11,-1,1
26/12/2015,Southampton,Arsenal,W,8.639,3.472,2.279,7,3,0,-1
26/12/2015,Stoke,Man United,W,8.335,3.227,2.47,9,4,1,-1
26/12/2015,Swansea,West Brom,W,7.419,3.168,4.034,8,13,1,0
26/12/2015,Tottenham,Norwich,W,7.055,4.157,7.098,5,20,-1,1
28/12/2015,Arsenal,Bournemouth,W,7.277,4.282,7.247,3,20,-1,-1
28/12/2015,Crystal Palace,Swansea,D,7.714,3.212,3.716,10,8,1,-1
28/12/2015,Everton,Stoke,L,7.648,3.331,3.841,11,9,1,-1
28/12/2015,Man United,Chelsea,D,8.013,3.162,2.871,4,1,-1,-1
28/12/2015,Norwich,Aston Villa,W,7.715,3.272,3.621,20,17,-1,-1
28/12/2015,Watford,Tottenham,L,8.957,3.44,2.283,20,5,1,1
28/12/2015,West Brom,Newcastle,W,7.807,3.151,3.416,13,15,1,-1
28/12/2015,West Ham,Southampton,W,8.625,3.337,2.372,12,7,1,1
29/12/2015,Leicester,Man City,D,9.133,3.943,2.114,14,2,-1,1
30/12/2015,Sunderland,Liverpool,L,9.811,3.932,2.117,16,6,1,1
02/01/2016,Arsenal,Newcastle,W,7.126,5.26,10.3,3,15,0,0
02/01/2016,Leicester,Bournemouth,D,7.31,3.407,3.838,14,20,-1,-1
02/01/2016,Man United,Swansea,W,7.073,3.704,6.476,4,8,1,1
02/01/2016,Norwich,Southampton,W,8.172,3.326,2.458,20,7,0,0
02/01/2016,Sunderland,Aston Villa,W,7.668,3.12,3.004,16,17,1,0
02/01/2016,Watford,Man City,L,9.689,4.007,2.079,20,2,0,-1
02/01/2016,West Brom,Stoke,W,7.893,3.083,2.774,13,9,0,1
02/01/2016,West Ham,Liverpool,W,8.771,3.506,2.252,12,6,1,0
03/01/2016,Crystal Palace,Chelsea,L,8.675,3.426,2.299,10,1,0,0
03/01/2016,Everton,Tottenham,D,7.904,3.334,2.641,11,5,-1,-1
12/01/2016,Aston Villa,Crystal Palace,W,8.136,3.171,2.57,17,10,0,0
12/01/2016,Bournemouth,West Ham,L,7.374,3.345,3.671,20,12,-1,0
12/01/2016,Newcastle,Man United,D,9.622,3.778,2.139,15,4,0,1
13/01/2016,Chelsea,West Brom,D,7.048,4.064,7.638,1,13,-1,1
13/01/2016,Liverpool,Arsenal,D,8.007,3.317,2.573,6,3,0,0
13/01/2016,Man City,Everton,D,7.122,4.17,5.825,2,11,-1,0
13/01/2016,Southampton,Watford,W,7.334,3.237,3.866,7,20,0,0
13/01/2016,Stoke,Norwich,W,7.35,3.177,3.829,9,20,0,1
13/01/2016,Swansea,Sunderland,L,7.195,3.387,4.649,8,16,-1,0
13/01/2016,Tottenham,Leicester,L,7.1,3.51,4.518,5,14,0,1
16/01/2016,Aston Villa,Leicester,D,8.039,3.351,2.357,17,14,-1,1
16/01/2016,Bournemouth,Norwich,W,6.834,3.317,4.123,20,20,1,1
16/01/2016,Chelsea,Everton,D,6.784,3.512,4.325,1,11,1,-1
16/01/2016,Man City,Crystal Palace,W,6.641,4.509,7.922,2,10,-1,1
16/01/2016,Newcastle,West Ham,W,7.319,3.228,2.838,15,12,-1,-1
16/01/2016,Southampton,West Brom,W,6.719,3.357,5.091,7,13,0,1
16/01/2016,Tottenham,Sunderland,W,6.626,4.54,8.513,5,16,-1,-1
17/01/2016,Liverpool,Man United,L,7.149,3.144,3.166,6,4,0,1
17/01/2016,Stoke,Arsenal,D,8.574,3.586,2.19,9,3,0,-1
18/01/2016,Swansea,Watford,W,7.06,3.135,3.107,8,20,0,1
23/01/2016,Crystal Palace,Tottenham,L,8.251,3.35,2.336,10,5,1,-1
23/01/2016,Leicester,Stoke,W,7.161,3.215,3.613,14,9,1,0
23/01/2016,Man United,Southampton,L,7.033,3.229,4.299,4,7,-1,-1
23/01/2016,Norwich,Liverpool,L,8.751,3.526,2.211,20,6,1,1
23/01/2016,Sunderland,Bournemouth,D,7.817,3.22,2.555,16,20,1,-1
23/01/2016,Watford,Newcastle,W,7.171,3.257,3.558,20,15,1,-1
23/01/2016,West Brom,Aston Villa,D,7.21,3.066,3.62,13,17,-1,-1
23/01/2016,West Ham,Man City,D,9.361,4.021,2.084,12,2,0,1
24/01/2016,Arsenal,Chelsea,L,7.195,3.265,3.607,3,1,1,-1
24/01/2016,Everton,Swansea,L,6.941,3.501,4.932,11,8,1,-1
02/02/2016,Arsenal,Southampton,D,7.301,3.368,4.715,3,7,-1,0
02/02/2016,Crystal Palace,Bournemouth,L,7.766,3.121,3.047,10,20,1,1
02/02/2016,Leicester,Liverpool,W,7.811,3.207,2.783,14,6,-1,-1
02/02/2016,Man United,Stoke,W,7.253,3.43,5.311,4,9,0,-1
02/02/2016,Norwich,Tottenham,L,9.223,3.733,2.138,20,5,-1,-1
02/02/2016,Sunderland,Man City,L,11.467,4.862,2.104,16,2,1,1
02/02/2016,West Brom,Swansea,D,7.88,2.99,2.983,13,8,1,1
02/02/2016,West Ham,Aston Villa,W,7.377,3.28,4.165,12,17,-1,-1
03/02/2016,Everton,Newcastle,W,7.177,3.71,4.81,11,15,1,1
03/02/2016,Watford,Chelsea,D,8.979,3.485,2.223,20,1,-1,1
06/02/2016,Aston Villa,Norwich,W,7.302,3.116,3.062,17,20,-1,-1
06/02/2016,Liverpool,Sunderland,D,6.706,4.14,7.406,6,16,0,-1
06/02/2016,Man City,Leicester,L,6.793,3.769,5.359,2,14,0,1
06/02/2016,Newcastle,West Brom,W,7.119,3.163,3.448,15,13,0,-1
06/02/2016,Southampton,West Ham,W,6.379,3.429,4.829,7,12,1,0
06/02/2016,Stoke,Everton,L,7.473,3.233,2.783,9,11,1,0
06/02/2016,Swansea,Crystal Palace,D,7.151,3.115,3.367,8,10,0,0
06/02/2016,Tottenham,Watford,W,6.607,3.866,6.642,5,20,1,0
07/02/2016,Bournemouth,Arsenal,L,8.415,3.478,2.245,20,3,0,0
07/02/2016,Chelsea,Man United,D,7.09,3.13,3.646,1,4,0,0
13/02/2016,Bournemouth,Stoke,L,7.05,3.187,3.689,20,9,-1,-1
13/02/2016,Chelsea,Newcastle,W,6.729,4.173,6.841,1,15,1,-1
13/02/2016,Crystal Palace,Watford,L,7.175,3.109,3.349,10,20,0,1
13/02/2016,Everton,West Brom,L,6.741,3.754,6.335,11,13,1,1
13/02/2016,Norwich,West Ham,D,7.36,3.233,2.956,20,12,1,0
13/02/2016,Sunderland,Man United,W,9.349,3.791,2.14,16,4,-1,1
13/02/2016,Swansea,Southampton,L,7.794,3.195,2.551,8,7,-1,1
14/02/2016,Arsenal,Leicester,W,6.887,3.677,4.353,3,14,-1,-1
14/02/2016,Aston Villa,Liverpool,L,8.984,3.661,2.186,17,6,0,1
14/02/2016,Man City,Tottenham,L,7.079,3.365,3.532,2,5,-1,0
27/02/2016,Leicester,Norwich,W,7.082,3.95,5.714,14,20,0,1
27/02/2016,Southampton,Chelsea,L,7.983,3.201,2.605,7,1,-1,0
27/02/2016,Stoke,Aston Villa,W,7.117,3.418,5.285,9,17,-1,-1
27/02/2016,Watford,Bournemouth,D,7.614,3.142,3.038,20,20,1,1
27/02/2016,West Brom,Crystal Palace,W,7.828,3.062,2.829,13,10,0,-1
27/02/2016,West Ham,Sunderland,W,7.238,3.383,4.153,12,16,0,-1
28/02/2016,Tottenham,Swansea,W,6.587,3.895,7.35,5,8,1,0
28/02/2016,Man United,Arsenal,W,7.714,3.227,2.52,4,3,1,1
01/03/2016,Aston Villa,Everton,L,9.098,3.677,2.176,17,11,-1,1
01/03/2016,Bournemouth,Southampton,W,7.871,3.188,2.667,20,7,-1,-1
01/03/2016,Leicester,West Brom,D,7.042,3.489,5.117,14,13,-1,1
01/03/2016,Norwich,Chelsea,L,9.763,4.075,2.086,20,1,1,-1
01/03/2016,Sunderland,Crystal Palace,D,7.595,3.172,2.983,16,10,-1,0
02/03/2016,Arsenal,Swansea,L,6.932,4.568,8.455,3,8,1,1
02/03/2016,Liverpool,Man City,W,7.603,3.257,2.765,6,2,-1,1
02/03/2016,Man United,Watford,W,7.026,3.471,5.433,4,20,1,-1
02/03/2016,Stoke,Newcastle,W,7.202,3.29,3.913,9,15,0,1
02/03/2016,West Ham,Tottenham,W,8.702,3.512,2.231,12,5,-1,0
05/03/2016,Chelsea,Stoke,D,6.963,3.868,6.396,1,9,-1,1
05/03/2016,Everton,West Ham,L,7.096,3.589,4.609,11,12,1,-1
05/03/2016,Man City,Aston Villa,W,6.957,5.914,13.592,2,17,-1,1
05/03/2016,Newcastle,Bournemouth,L,7.707,3.232,2.757,15,20,-1,-1
05/03/2016,Southampton,Sunderland,D,6.98,3.628,5.75,7,16,-1,0
05/03/2016,Swansea,Norwich,W,7.108,3.227,3.803,8,20,0,1
05/03/2016,Tottenham,Arsenal,D,7.545,3.269,2.976,5,3,-1,1
05/03/2016,Watford,Leicester,L,7.817,3.244,2.559,20,14,1,1
06/03/2016,Crystal Palace,Liverpool,L,8.26,3.389,2.294,10,6,-1,-1
06/03/2016,West Brom,Man United,W,8.658,3.438,2.226,13,4,1,1
12/03/2016,Bournemouth,Swansea,W,6.971,3.202,3.958,20,8,-1,1
12/03/2016,Norwich,Man City,D,10.023,4.27,2.084,20,2,1,-1
12/03/2016,Stoke,Southampton,L,7.521,3.112,2.778,9,7,-1,1
13/03/2016,Aston Villa,Tottenham,L,10.979,4.641,2.113,17,5,-1,1
14/03/2016,Leicester,Newcastle,W,6.561,3.749,5.478,14,15,0,1
19/03/2016,Chelsea,West Ham,D,7.07,3.554,4.62,1,12,-1,1
19/03/2016,Crystal Palace,Leicester,L,7.986,3.24,2.533,10,14,-1,0
19/03/2016,Everton,Arsenal,L,7.74,3.409,2.636,11,3,-1,-1
19/03/2016,Swansea,Aston Villa,W,7.016,3.512,5.324,8,17,0,0
19/03/2016,Watford,Stoke,L,7.522,3.087,3.094,20,9,1,1
19/03/2016,West Brom,Norwich,L,7.269,3.108,3.358,13,20,-1,1
20/03/2016,Man City,Man United,L,7.022,3.425,4.19,2,4,1,-1
20/03/2016,Newcastle,Sunderland,D,7.322,3.207,3.477,15,16,1,-1
20/03/2016,Southampton,Liverpool,W,7.471,3.168,2.797,7,6,1,1
20/03/2016,Tottenham,Bournemouth,W,6.868,3.891,5.938,5,20,-1,1
02/04/2016,Arsenal,Watford,W,6.717,4.641,8.434,3,20,1,-1
02/04/2016,Aston Villa,Chelsea,L,10.431,4.302,2.098,17,1,1,-1
02/04/2016,Bournemouth,Man City,L,8.341,3.511,2.241,20,2,-1,-1
02/04/2016,Liverpool,Tottenham,D,7.285,3.237,2.873,6,5,-1,1
02/04/2016,Norwich,Newcastle,W,7.159,3.171,3.35,20,15,-1,-1
02/04/2016,Stoke,Swansea,D,7.254,3.168,3.418,9,8,1,1
02/04/2016,Sunderland,West Brom,D,7.174,3.136,3.674,16,13,-1,1
02/04/2016,West Ham,Crystal Palace,D,6.88,3.294,3.859,12,10,0,1
03/04/2016,Leicester,Southampton,W,7.41,3.187,3.272,14,7,-1,-1
03/04/2016,Man United,Everton,W,7.165,3.246,3.62,4,11,1,1
09/04/2016,Aston Villa,Bournemouth,L,8.362,3.369,2.305,17,20,1,1
09/04/2016,Crystal Palace,Norwich,W,7.145,3.21,3.6,10,20,0,0
09/04/2016,Man City,West Brom,W,6.935,4.603,8.796,2,13,-1,1
09/04/2016,Southampton,Newcastle,W,6.974,3.717,5.782,7,15,-1,-1
09/04/2016,Swansea,Chelsea,W,8.489,3.442,2.236,8,1,1,-1
09/04/2016,Watford,Everton,D,8.276,3.315,2.367,20,11,0,1
09/04/2016,West Ham,Arsenal,D,8.582,3.629,2.184,12,3,-1,-1
10/04/2016,Liverpool,Stoke,W,6.781,3.656,5.418,6,9,1,1
10/04/2016,Sunderland,Leicester,L,8.227,3.392,2.301,16,14,1,-1
10/04/2016,Tottenham,Man United,W,7.095,3.316,3.796,5,4,0,-1
13/04/2016,Crystal Palace,Everton,D,7.927,3.247,2.565,10,11,1,0
16/04/2016,Chelsea,Man City,L,7.972,3.283,2.702,1,2,0,1
16/04/2016,Everton,Southampton,D,7.935,3.23,2.773,11,7,-1,0
16/04/2016,Man United,Aston Villa,W,7.249,5.601,13.862,4,17,-1,-1
16/04/2016,Newcastle,Swansea,W,7.681,3.219,3.153,15,8,-1,1
16/04/2016,Norwich,Sunderland,L,7.605,3.163,3.115,20,16,-1,-1
16/04/2016,West Brom,Watford,L,7.71,3.055,3.213,13,20,1,1
17/04/2016,Arsenal,Crystal Palace,D,7.195,4.816,8.454,3,10,-1,-1
17/04/2016,Bournemouth,Liverpool,L,8.622,3.445,2.296,20,6,-1,-1
17/04/2016,Leicester,West Ham,D,7.445,3.345,3.858,14,12,-1,1
18/04/2016,Stoke,Tottenham,L,9.192,3.753,2.139,9,5,1,-1
19/04/2016,Newcastle,Man City,D,10.128,4.44,2.063,15,2,1,1
20/04/2016,Liverpool,Everton,W,6.757,3.623,4.599,6,11,1,1
20/04/2016,Man United,Crystal Palace,W,6.629,3.802,6.155,4,10,1,-1
20/04/2016,West Ham,Watford,W,6.65,3.841,5.742,12,20,1,0
21/04/2016,Arsenal,West Brom,W,6.65,5.312,11.965,3,13,1,0
23/04/2016,Aston Villa,Southampton,L,10.997,4.404,2.127,17,7,-1,1
23/04/2016,Bournemouth,Chelsea,L,8.012,3.38,2.48,20,1,-1,-1
23/04/2016,Liverpool,Newcastle,D,7.013,4.007,5.488,6,15,-1,0
23/04/2016,Man City,Stoke,W,6.868,5.01,9.228,2,9,-1,0
24/04/2016,Leicester,Swansea,W,6.946,3.419,4.906,14,8,0,0
24/04/2016,Sunderland,Arsenal,D,9.192,3.954,2.096,16,3,1,0
25/04/2016,Tottenham,West Brom,D,6.814,5.551,12.629,5,13,0,-1
30/04/2016,Arsenal,Norwich,W,6.776,5.419,11.132,3,20,1,-1
30/04/2016,Everton,Bournemouth,W,7.143,3.428,3.619,11,20,0,1
30/04/2016,Newcastle,Crystal Palace,W,7.118,3.29,3.78,15,10,1,0
30/04/2016,Stoke,Sunderland,D,7.627,3.162,2.755,9,16,1,1
30/04/2016,Watford,Aston Villa,W,6.927,3.537,4.964,20,17,-1,-1
30/04/2016,West Brom,West Ham,L,8.482,3.465,2.279,13,12,-1,1
01/05/2016,Man United,Leicester,D,7.162,3.209,3.664,4,14,-1,-1
01/05/2016,Southampton,Man City,W,7.668,3.287,2.667,7,2,1,-1
01/05/2016,Swansea,Liverpool,W,7.977,3.366,2.435,8,6,-1,1
02/05/2016,Chelsea,Tottenham,D,7.554,3.348,2.648,1,5,-1,-1
07/05/2016,Aston Villa,Newcastle,D,10.165,4.197,2.075,17,15,1,1
07/05/2016,Bournemouth,West Brom,D,7.301,3.266,4.02,20,13,1,-1
07/05/2016,Crystal Palace,Stoke,W,7.384,3.261,3.649,10,9,1,1
07/05/2016,Leicester,Everton,W,7.315,3.491,3.891,14,11,1,1
07/05/2016,Norwich,Man United,L,9.188,3.639,2.177,20,4,0,-1
07/05/2016,Sunderland,Chelsea,W,7.969,3.355,2.514,16,1,-1,0
07/05/2016,West Ham,Swansea,L,7.077,4.208,6.927,12,8,-1,1
08/05/2016,Liverpool,Watford,W,7.075,4.096,6.39,6,20,1,1
08/05/2016,Man City,Arsenal,D,7.747,3.311,2.819,2,3,-1,-1
08/05/2016,Tottenham,Southampton,L,7.349,3.408,3.681,5,7,-1,-1
10/05/2016,West Ham,Man United,W,8.099,3.38,2.497,12,4,1,-1
11/05/2016,Liverpool,Chelsea,D,7.36,3.471,3.564,6,1,1,1
11/05/2016,Norwich,Watford,W,7.118,3.454,4.286,20,20,0,0
11/05/2016,Sunderland,Everton,W,7.174,3.601,4.68,16,11,0,0
15/05/2016,Arsenal,Aston Villa,W,7.593,7.376,16.204,3,17,0,1
15/05/2016,Chelsea,Leicester,D,7.81,3.456,3.017,1,14,-1,0
15/05/2016,Everton,Norwich,W,7.383,3.692,4.117,11,20,-1,0
15/05/2016,Newcastle,Tottenham,W,9.534,3.91,2.087,15,5,1,-1
15/05/2016,Southampton,Crystal Palace,W,7.312,4.75,8.238,7,10,1,1
15/05/2016,Stoke,West Ham,W,8.666,3.537,2.307,9,12,-1,0
15/05/2016,Swansea,Man City,D,10.855,4.778,2.028,8,2,0,1
15/05/2016,Watford,Sunderland,D,7.645,3.465,3.429,20,16,1,1
15/05/2016,West Brom,Liverpool,D,7.907,3.385,2.866,13,6,-1,-1
17/05/2016,Man United,Bournemouth,W,7.295,3.742,4.753,4,20,0,-1
13/08/2016,Burnley,Swansea,L,8.477,3.158,3.001,20,12,0,0
13/08/2016,Crystal Palace,West Brom,L,8.256,3.117,3.913,15,14,0,0
13/08/2016,Everton,Tottenham,D,8.956,3.316,2.498,11,3,0,0
13/08/2016,Hull,Leicester,W,9.873,3.56,2.245,20,1,0,0
13/08/2016,Man City,Sunderland,W,8.033,5.588,11.898,4,17,0,0
13/08/2016,Middlesbrough,Stoke,D,8.481,3.099,3.213,20,9,0,0
13/08/2016,Southampton,Watford,D,8.138,3.372,4.399,6,13,0,0
14/08/2016,Arsenal,Liverpool,L,8.44,3.282,2.972,2,8,0,0
14/08/2016,Bournemouth,Man United,L,10.217,3.705,2.138,16,5,0,0
15/08/2016,Chelsea,West Ham,W,7.604,3.65,5.209,10,7,0,0
19/08/2016,Man United,Southampton,W,7.959,3.962,6.882,5,6,1,1
20/08/2016,Burnley,Liverpool,W,11.795,4.371,2.112,20,8,0,0
20/08/2016,Leicester,Arsenal,D,8.92,3.44,2.52,1,2,-1,-1
20/08/2016,Stoke,Man City,L,10.936,3.975,2.101,9,4,0,0
20/08/2016,Swansea,Hull,L,8.107,3.332,4.715,12,20,-1,-1
20/08/2016,Tottenham,Crystal Palace,W,7.974,4.092,7.115,3,15,0,-1
20/08/2016,Watford,Chelsea,L,10.846,3.885,2.135,13,10,1,1
20/08/2016,West Brom,Everton,L,8.967,3.18,2.621,14,11,1,-1
21/08/2016,Sunderland,Middlesbrough,L,8.625,3.116,2.997,17,20,1,0
21/08/2016,West Ham,Bournemouth,W,8.109,3.42,3.877,7,16,1,-1
27/08/2016,Chelsea,Burnley,W,7.768,5.204,12.004,10,20,-1,-1
27/08/2016,Crystal Palace,Bournemouth,D,8.286,3.167,3.121,15,16,1,0
27/08/2016,Everton,Stoke,W,7.842,3.477,4.819,11,9,1,-1
27/08/2016,Hull,Man United,L,12.562,4.779,2.184,20,5,1,0
27/08/2016,Leicester,Swansea,W,7.853,3.449,4.837,1,12,-1,1
27/08/2016,Southampton,Sunderland,D,7.792,3.559,5.71,6,17,-1,-1
27/08/2016,Tottenham,Liverpool,D,8.44,3.341,2.928,3,8,1,1
27/08/2016,Watford,Arsenal,L,10.482,3.95,2.119,13,2,0,-1
28/08/2016,Man City,West Ham,W,7.553,5.368,9.549,4,7,0,-1
28/08/2016,West Brom,Middlesbrough,D,8.433,3.009,3.006,14,20,1,1
10/09/2016,Arsenal,Southampton,W,8.015,3.824,5.749,2,6,-1,0
10/09/2016,Bournemouth,West Brom,W,8.277,3.099,3.903,16,14,1,0
10/09/2016,Burnley,Hull,D,8.531,3.082,3.167,20,20,1,1
10/09/2016,Liverpool,Leicester,W,8.189,3.662,5.118,8,1,0,-1
10/09/2016,Man United,Man City,L,8.62,3.162,3.224,5,4,1,0
10/09/2016,Middlesbrough,Crystal Palace,L,8.436,3.083,3.373,20,15,0,0
10/09/2016,Stoke,Tottenham,L,10.332,3.737,2.141,9,3,0,-1
10/09/2016,West Ham,Watford,L,8.176,3.318,4.213,7,13,0,-1
11/09/2016,Swansea,Chelsea,D,11.274,4.151,2.083,12,10,0,0
12/09/2016,Sunderland,Everton,L,9.459,3.462,2.283,17,11,0,0
16/09/2016,Chelsea,Liverpool,L,8.587,3.329,3.221,10,8,1,-1
17/09/2016,Everton,Middlesbrough,W,8.16,3.532,5.385,11,20,1,1
17/09/2016,Hull,Arsenal,L,11.546,4.318,2.089,20,2,0,-1
17/09/2016,Leicester,Burnley,W,7.989,3.926,7.033,1,20,-1,-1
17/09/2016,Man City,Bournemouth,W,8.01,5.402,10.657,4,16,-1,0
17/09/2016,West Brom,West Ham,W,8.691,3.145,2.784,14,7,-1,1
18/09/2016,Crystal Palace,Stoke,W,8.39,3.222,3.791,15,9,1,1
18/09/2016,Southampton,Swansea,W,8.056,3.479,5.165,6,12,0,0
18/09/2016,Tottenham,Sunderland,W,8.092,4.86,9.407,3,17,0,0
18/09/2016,Watford,Man United,W,11.4,4.277,2.083,13,5,1,-1
24/09/2016,Arsenal,Chelsea,W,8.439,3.312,3.049,2,10,-1,0
24/09/2016,Bournemouth,Everton,W,9.39,3.492,2.296,16,11,-1,-1
24/09/2016,Liverpool,Hull,W,8.071,5.981,12.736,8,20,-1,1
24/09/2016,Man United,Leicester,W,8.191,3.631,4.933,5,1,1,1
24/09/2016,Middlesbrough,Tottenham,L,9.558,3.52,2.254,20,3,-1,1
24/09/2016,Stoke,West Brom,D,8.385,3.172,3.203,9,14,-1,1
24/09/2016,Sunderland,Crystal Palace,L,8.871,3.222,2.685,17,15,-1,1
24/09/2016,Swansea,Man City,L,13.501,5.598,2.176,12,4,-1,1
25/09/2016,West Ham,Southampton,L,8.849,3.255,2.707,7,6,0,1
26/09/2016,Burnley,Watford,W,8.573,3.202,2.685,20,13,1,-1
30/09/2016,Everton,Crystal Palace,D,7.875,3.61,4.688,11,15,0,-1
01/10/2016,Hull,Chelsea,L,12.392,4.815,2.108,20,10,0,-1
01/10/2016,Sunderland,West Brom,D,8.472,3.128,3.093,17,14,1,-1
01/10/2016,Swansea,Liverpool,L,12.853,5.102,2.116,12,8,-1,1
01/10/2016,Watford,Bournemouth,D,8.398,3.174,3.207,13,16,-1,0
01/10/2016,West Ham,Middlesbrough,D,8.284,3.249,3.391,7,20,0,1
02/10/2016,Burnley,Arsenal,L,13.944,5.482,2.24,20,2,1,-1
02/10/2016,Leicester,Southampton,D,8.29,3.232,3.376,1,6,1,0
02/10/2016,Man United,Stoke,D,7.977,4.979,9.229,5,9,1,-1
02/10/2016,Tottenham,Man City,W,9.067,3.425,2.478,3,4,1,0
15/10/2016,Arsenal,Swansea,W,7.235,5.483,10.547,2,12,-1,1
15/10/2016,Bournemouth,Hull,W,7.354,3.334,4.5,16,20,-1,-1
15/10/2016,Chelsea,Leicester,W,7.359,3.894,5.672,10,1,0,1
15/10/2016,Crystal Palace,West Ham,L,7.569,3.3,3.489,15,7,1,-1
15/10/2016,Man City,Everton,D,7.215,4.261,6.305,4,11,-1,0
15/10/2016,Stoke,Sunderland,W,7.471,3.326,3.828,9,17,0,-1
15/10/2016,West Brom,Tottenham,D,10.082,3.917,2.131,14,3,-1,0
16/10/2016,Middlesbrough,Watford,L,7.654,3.116,3.393,20,13,1,1
16/10/2016,Southampton,Burnley,W,7.161,4.341,8.64,6,20,1,1
17/10/2016,Liverpool,Man United,D,7.491,3.288,3.398,8,5,-1,1
22/10/2016,Arsenal,Middlesbrough,D,7.774,5.587,11.741,2,20,-1,-1
22/10/2016,Bournemouth,Tottenham,D,9.745,3.633,2.2,16,3,1,0
22/10/2016,Burnley,Everton,W,11.073,4.055,2.153,20,11,0,-1
22/10/2016,Hull,Stoke,L,8.795,3.253,2.598,20,9,1,0
22/10/2016,Leicester,Crystal Palace,W,8.053,3.267,3.735,1,15,1,1
22/10/2016,Liverpool,West Brom,W,7.786,5.43,10.65,8,14,0,0
22/10/2016,Swansea,Watford,D,8.268,3.216,3.202,12,13,0,1
22/10/2016,West Ham,Sunderland,W,7.859,3.627,4.983,7,17,-1,0
23/10/2016,Chelsea,Man United,W,8.178,3.174,3.47,10,5,-1,-1
23/10/2016,Man City,Southampton,D,7.772,4.143,6.42,4,6,0,1
29/10/2016,Crystal Palace,Liverpool,L,10.617,4.07,2.098,15,8,1,-1
29/10/2016,Man United,Burnley,D,7.917,6.01,15.533,5,20,-1,-1
29/10/2016,Middlesbrough,Bournemouth,W,8.616,3.064,3.085,20,16,0,-1
29/10/2016,Sunderland,Arsenal,L,13.4,5.46,2.138,17,2,-1,1
29/10/2016,Tottenham,Leicester,D,8.054,3.704,5.302,3,1,1,-1
29/10/2016,Watford,Hull,W,8.083,3.45,4.913,13,20,1,1
29/10/2016,West Brom,Man City,L,12.751,4.997,2.138,14,4,-1,0
30/10/2016,Everton,West Ham,W,8.148,3.571,4.336,11,7,0,0
30/10/2016,Southampton,Chelsea,L,9.137,3.338,2.479,6,10,1,1
31/10/2016,Stoke,Swansea,W,7.956,3.385,3.647,9,12,-1,1
05/11/2016,Bournemouth,Sunderland,L,7.497,3.741,5.23,16,17,-1,0
05/11/2016,Burnley,Crystal Palace,W,8.655,3.292,2.473,20,15,-1,0
05/11/2016,Chelsea,Everton,W,7.335,3.89,6.048,10,11,0,-1
05/11/2016,Man City,Middlesbrough,D,7.507,6.138,13.306,4,20,-1,-1
05/11/2016,West Ham,Stoke,D,7.718,3.338,3.736,7,9,1,1
06/11/2016,Arsenal,Tottenham,D,7.677,3.326,3.921,2,3,1,1
06/11/2016,Hull,Southampton,W,10.498,3.99,2.124,20,6,1,1
06/11/2016,Leicester,West Brom,L,7.539,3.367,4.824,1,14,-1,1
06/11/2016,Liverpool,Watford,W,7.456,5.349,10.615,8,13,0,-1
06/11/2016,Swansea,Man United,L,10.084,4.051,2.082,12,5,1,-1
19/11/2016,Crystal Palace,Man City,L,11.27,4.635,2.054,15,4,-1,0
19/11/2016,Everton,Swansea,D,7.568,3.874,5.727,11,12,1,1
19/11/2016,Man United,Arsenal,D,8.238,3.239,2.872,5,2,0,-1
19/11/2016,Southampton,Liverpool,D,8.913,3.514,2.341,6,8,-1,-1
19/11/2016,Stoke,Bournemouth,L,8,3.253,3.303,9,16,0,-1
19/11/2016,Sunderland,Hull,W,7.786,3.186,3.6,17,20,-1,1
19/11/2016,Tottenham,West Ham,W,7.548,4.052,6.322,3,7,-1,1
19/11/2016,Watford,Leicester,W,8.408,3.211,2.732,13,1,1,1
20/11/2016,Middlesbrough,Chelsea,L,11.325,4.453,2.11,20,10,-1,1
21/11/2016,West Brom,Burnley,W,7.634,3.206,4.254,14,20,1,0
26/11/2016,Burnley,Man City,L,13.4,6.299,2.247,20,4,-1,1
26/11/2016,Chelsea,Tottenham,W,7.104,3.522,4.679,10,3,0,0
26/11/2016,Hull,West Brom,D,8.14,3.184,2.62,20,14,0,-1
26/11/2016,Leicester,Middlesbrough,D,7.267,3.344,4.269,1,20,1,1
26/11/2016,Liverpool,Sunderland,W,7.329,7.015,15.282,8,17,1,1
26/11/2016,Swansea,Crystal Palace,W,7.801,3.226,2.864,12,15,-1,-1
27/11/2016,Arsenal,Bournemouth,W,7.086,4.571,7.49,2,16,-1,1
27/11/2016,Man United,West Ham,D,7.202,4.206,6.734,5,7,-1,0
27/11/2016,Southampton,Everton,W,7.358,3.213,3.497,6,11,0,0
27/11/2016,Watford,Stoke,L,7.636,3.186,3.118,13,9,1,-1
03/12/2016,Crystal Palace,Southampton,W,8.051,3.353,2.421,15,6,-1,-1
03/12/2016,Man City,Chelsea,L,7.121,3.34,3.462,4,10,0,1
03/12/2016,Stoke,Burnley,W,6.789,3.654,5.651,9,20,-1,-1
03/12/2016,Sunderland,Leicester,W,8.018,3.338,2.431,17,1,1,1
03/12/2016,Tottenham,Swansea,W,6.726,4.858,8.565,3,12,-1,-1
03/12/2016,West Brom,Watford,W,7.124,3.161,3.558,14,13,1,1
03/12/2016,West Ham,Arsenal,L,9.293,4.082,2.089,7,2,1,0
04/12/2016,Bournemouth,Liverpool,W,9.238,4.011,2.081,16,8,-1,-1
04/12/2016,Everton,Man United,D,8.273,3.468,2.309,11,5,1,1
05/12/2016,Middlesbrough,Hull,W,6.757,3.319,4.757,20,20,-1,1
10/12/2016,Arsenal,Stoke,W,7.305,4.765,8.22,2,9,0,1
10/12/2016,Burnley,Bournemouth,W,8.612,3.402,2.404,20,16,0,0
10/12/2016,Hull,Crystal Palace,D,8.573,3.324,2.472,20,15,0,0
10/12/2016,Leicester,Man City,W,10.015,4.072,2.089,1,4,-1,-1
10/12/2016,Swansea,Sunderland,W,7.704,3.295,3.41,12,17,-1,1
10/12/2016,Watford,Everton,W,8.254,3.312,2.529,13,11,-1,0
11/12/2016,Chelsea,West Brom,W,7.202,5.427,11.604,10,14,1,0
11/12/2016,Liverpool,West Ham,D,7.238,5.358,9.652,8,7,0,0
11/12/2016,Man United,Tottenham,W,7.481,3.236,3.398,5,3,-1,1
11/12/2016,Southampton,Middlesbrough,W,7.138,3.429,5.497,6,20,0,1
13/12/2016,Bournemouth,Leicester,W,7.657,3.301,3.02,16,1,1,0
13/12/2016,Everton,Arsenal,W,9.097,3.755,2.164,11,2,0,0
14/12/2016,Crystal Palace,Man United,L,9.782,4.09,2.093,15,5,-1,-1
14/12/2016,Man City,Watford,W,7.127,5.714,10.649,4,13,-1,0
14/12/2016,Middlesbrough,Liverpool,L,10.538,4.407,2.086,20,8,-1,1
14/12/2016,Stoke,Southampton,D,8.178,3.224,2.556,9,6,0,1
14/12/2016,Sunderland,Chelsea,L,13.472,5.945,2.25,17,10,0,1
14/12/2016,Tottenham,Hull,W,7.147,5.769,12.39,3,20,-1,0
14/12/2016,West Brom,Swansea,W,7.367,3.28,3.735,14,12,0,1
14/12/2016,West Ham,Burnley,W,7.036,3.7,5.141,7,20,1,-1
17/12/2016,Crystal Palace,Chelsea,L,10.883,4.387,2.078,15,10,-1,-1
17/12/2016,Middlesbrough,Swansea,W,7.511,3.246,3.684,20,12,0,1
17/12/2016,Stoke,Leicester,D,8.23,3.246,2.871,9,1,-1,0
17/12/2016,Sunderland,Watford,W,8.241,3.187,2.889,17,13,1,-1
17/12/2016,West Brom,Man United,L,10.515,3.881,2.147,14,5,-1,-1
17/12/2016,West Ham,Hull,W,7.369,3.712,5.273,7,20,0,1
18/12/2016,Bournemouth,Southampton,L,8.233,3.227,2.67,16,6,0,1
18/12/2016,Man City,Arsenal,W,7.715,3.376,3.357,4,2,-1,0
18/12/2016,Tottenham,Burnley,W,7.528,6.143,13.036,3,20,1,0
19/12/2016,Everton,Liverpool,L,8.907,3.691,2.189,11,8,1,1
26/12/2016,Arsenal,West Brom,W,7.302,4.83,8.956,2,14,0,0
26/12/2016,Burnley,Middlesbrough,W,8.363,3.11,2.663,20,20,1,1
26/12/2016,Chelsea,Bournemouth,W,7.424,4.455,7.944,10,16,1,1
26/12/2016,Hull,Man City,L,13.828,6.165,2.235,20,4,-1,1
26/12/2016,Leicester,Everton,L,8.145,3.238,2.941,1,11,-1,-1
26/12/2016,Man United,Sunderland,W,7.502,5.733,13.112,5,17,0,-1
26/12/2016,Swansea,West Ham,L,8.285,3.24,2.746,12,7,-1,1
26/12/2016,Watford,Crystal Palace,D,8.007,3.201,2.97,13,15,-1,-1
27/12/2016,Liverpool,Stoke,W,7.113,5.103,9.472,8,9,0,-1
28/12/2016,Southampton,Tottenham,L,7.782,3.207,2.618,6,3,1,1
30/12/2016,Hull,Everton,D,9.419,3.556,2.216,20,11,-1,0
31/12/2016,Burnley,Sunderland,W,7.858,3.155,3.154,20,17,0,1
31/12/2016,Chelsea,Stoke,W,7.453,5.421,11.535,10,9,1,1
31/12/2016,Leicester,West Ham,W,7.539,3.357,3.525,1,7,-1,0
31/12/2016,Liverpool,Man City,W,7.86,3.369,2.996,8,4,-1,0
31/12/2016,Man United,Middlesbrough,W,7.327,5.341,13.473,5,20,0,1
31/12/2016,Southampton,West Brom,L,7.399,3.356,5.012,6,14,-1,-1
31/12/2016,Swansea,Bournemouth,L,8.19,3.357,2.62,12,16,0,1
01/01/2017,Arsenal,Crystal Palace,W,7.293,5.04,8.829,2,15,-1,1
01/01/2017,Watford,Tottenham,L,10.355,4.024,2.112,13,3,-1,1
02/01/2017,Everton,Southampton,W,7.836,3.194,3.375,11,6,1,-1
02/01/2017,Man City,Burnley,W,7.784,7.142,15.901,4,20,0,-1
02/01/2017,Middlesbrough,Leicester,D,8.188,3.095,2.855,20,1,0,0
02/01/2017,Sunderland,Liverpool,D,13.731,5.828,2.266,17,8,1,-1
02/01/2017,West Brom,Hull,W,7.402,3.386,4.992,14,20,-1,-1
02/01/2017,West Ham,Man United,L,10.529,4.169,2.094,7,5,-1,0
03/01/2017,Bournemouth,Arsenal,D,9.561,3.805,2.123,16,2,1,1
03/01/2017,Crystal Palace,Swansea,L,7.337,3.394,4.501,15,12,1,1
03/01/2017,Stoke,Watford,W,7.733,3.309,4.143,9,13,0,0
04/01/2017,Tottenham,Chelsea,W,7.861,3.27,2.63,3,10,-1,1
14/01/2017,Burnley,Southampton,W,8.603,3.35,2.382,20,6,-1,-1
14/01/2017,Hull,Bournemouth,W,8.432,3.436,2.401,20,16,0,1
14/01/2017,Leicester,Chelsea,L,10.466,4.152,2.118,1,10,-1,1
14/01/2017,Sunderland,Stoke,L,8.101,3.307,2.574,17,9,1,1
14/01/2017,Swansea,Arsenal,L,11.14,4.831,2.061,12,2,-1,1
14/01/2017,Tottenham,West Brom,W,7.056,4.817,9.89,3,14,1,0
14/01/2017,Watford,Middlesbrough,D,7.8,3.092,3.1,13,20,-1,-1
14/01/2017,West Ham,Crystal Palace,W,7.617,3.228,3.119,7,15,-1,1
15/01/2017,Everton,Man City,W,9.486,3.891,2.123,11,4,-1,1
15/01/2017,Man United,Liverpool,D,7.687,3.193,3.476,5,8,0,0
21/01/2017,Bournemouth,Watford,D,7.483,3.466,4.244,16,13,1,1
21/01/2017,Crystal Palace,Everton,L,8.476,3.361,2.457,15,11,-1,-1
21/01/2017,Liverpool,Swansea,L,7.436,6.291,12.94,8,12,0,0
21/01/2017,Man City,Tottenham,D,7.682,3.316,3.456,4,3,0,-1
21/01/2017,Middlesbrough,West Ham,L,7.904,3.1,3.117,20,7,0,1
21/01/2017,Stoke,Man United,D,10.582,4.295,2.09,9,5,1,0
21/01/2017,West Brom,Sunderland,W,7.392,3.545,5.164,14,17,-1,1
22/01/2017,Arsenal,Burnley,W,7.401,6.414,14.201,2,20,0,0
22/01/2017,Chelsea,Hull,W,7.492,7.001,15.838,10,20,1,0
22/01/2017,Southampton,Leicester,W,7.363,3.291,4.54,6,1,-1,-1
31/01/2017,Arsenal,Watford,L,7.364,6.015,12.535,2,13,-1,1
31/01/2017,Bournemouth,Crystal Palace,L,7.646,3.306,3.568,16,15,0,0
31/01/2017,Burnley,Leicester,W,7.974,3.203,2.698,20,1,1,1
31/01/2017,Liverpool,Chelsea,D,7.915,3.196,2.887,8,10,-1,-1
31/01/2017,Middlesbrough,West Brom,D,7.946,3.01,2.971,20,14,-1,1
31/01/2017,Sunderland,Tottenham,D,13.138,5.714,2.222,17,3,-1,1
31/01/2017,Swansea,Southampton,W,8.454,3.349,2.42,12,6,-1,0
01/02/2017,Man United,Hull,D,7.359,6.601,15.784,5,20,-1,1
01/02/2017,Stoke,Everton,D,8.072,3.279,2.653,9,11,0,0
01/02/2017,West Ham,Man City,L,10.518,4.546,2.042,7,4,0,1
04/02/2017,Chelsea,Arsenal,W,7.352,3.354,3.886,10,2,-1,1
04/02/2017,Crystal Palace,Sunderland,L,7.17,3.563,5.006,15,17,-1,0
04/02/2017,Everton,Bournemouth,W,7.063,3.624,4.857,11,16,1,1
04/02/2017,Hull,Liverpool,W,11.763,4.901,2.147,20,8,-1,-1
04/02/2017,Southampton,West Ham,L,7.248,3.423,4.294,6,7,-1,1
04/02/2017,Tottenham,Middlesbrough,W,7.084,5.27,11.506,3,20,0,0
04/02/2017,Watford,Burnley,W,7.429,3.156,3.674,13,20,0,1
04/02/2017,West Brom,Stoke,W,7.547,3.146,3.331,14,9,0,0
05/02/2017,Leicester,Man United,L,10.096,4.064,2.127,1,5,-1,-1
05/02/2017,Man City,Swansea,W,7.197,6.326,11.967,4,12,1,1
11/02/2017,Arsenal,Hull,W,6.66,5.32,10.406,2,20,-1,-1
11/02/2017,Liverpool,Tottenham,W,6.962,3.233,3.3,8,3,-1,-1
11/02/2017,Man United,Watford,W,6.457,5.627,11.791,5,13,1,1
11/02/2017,Middlesbrough,Everton,D,7.99,3.355,2.325,20,11,-1,0
11/02/2017,Stoke,Crystal Palace,W,6.848,3.202,3.624,9,15,0,1
11/02/2017,Sunderland,Southampton,L,8.118,3.475,2.29,17,6,-1,1
11/02/2017,West Ham,West Brom,D,6.934,3.172,3.424,7,14,0,-1
12/02/2017,Burnley,Chelsea,D,11.695,5.169,2.192,20,10,1,0
12/02/2017,Swansea,Leicester,W,7.075,3.171,3.073,12,1,1,0
13/02/2017,Bournemouth,Man City,L,10.749,5.05,2.071,16,4,0,1
25/02/2017,Chelsea,Swansea,W,7.123,5.744,12.118,10,12,-1,-1
25/02/2017,Crystal Palace,Middlesbrough,W,7.525,3.057,3.845,15,20,0,1
25/02/2017,Everton,Sunderland,W,6.972,4.514,7.436,11,17,0,-1
25/02/2017,Hull,Burnley,D,7.46,3.121,3.58,20,20,1,-1
25/02/2017,Watford,West Ham,D,7.785,3.174,2.863,13,7,-1,-1
25/02/2017,West Brom,Bournemouth,W,7.384,3.26,3.722,14,16,0,0
26/02/2017,Tottenham,Stoke,W,6.963,4.385,7.343,3,9,0,1
27/02/2017,Leicester,Liverpool,W,10.062,4.249,2.096,1,8,1,1
04/03/2017,Leicester,Hull,W,7.026,3.346,4.424,1,20,1,0
04/03/2017,Liverpool,Arsenal,W,7.209,3.336,3.482,8,2,-1,1
04/03/2017,Man United,Bournemouth,D,6.99,5.66,12.377,5,16,-1,0
04/03/2017,Stoke,Middlesbrough,W,7.186,3.187,4.167,9,20,1,1
04/03/2017,Swansea,Burnley,W,7.119,3.247,3.874,12,20,1,-1
04/03/2017,Watford,Southampton,L,8.259,3.324,2.386,13,6,1,-1
04/03/2017,West Brom,Crystal Palace,L,7.351,3.108,3.572,14,15,1,-1
05/03/2017,Sunderland,Man City,L,13.86,6.632,2.339,17,4,0,1
05/03/2017,Tottenham,Everton,W,6.927,3.719,5.122,3,11,1,-1
06/03/2017,West Ham,Chelsea,L,10.144,4.295,2.086,7,10,-1,1
08/03/2017,Man City,Stoke,D,6.961,5.804,11.981,4,9,-1,-1
11/03/2017,Bournemouth,West Ham,W,7.458,3.309,2.791,16,7,0,-1
11/03/2017,Everton,West Brom,W,6.571,3.548,5.325,11,14,1,1
11/03/2017,Hull,Swansea,W,7.29,3.161,2.951,20,12,-1,1
12/03/2017,Liverpool,Burnley,W,6.666,5.754,12.296,8,20,-1,-1
18/03/2017,Bournemouth,Swansea,W,7.255,3.28,3.377,16,12,-1,-1
18/03/2017,Crystal Palace,Watford,W,7.074,3.274,4.151,15,13,1,-1
18/03/2017,Everton,Hull,W,6.744,3.931,6.381,11,20,1,0
18/03/2017,Stoke,Chelsea,L,10.423,4.275,2.13,9,10,1,-1
18/03/2017,Sunderland,Burnley,D,7.516,3.153,2.929,17,20,1,1
18/03/2017,West Brom,Arsenal,W,9.55,4.066,2.098,14,2,1,1
18/03/2017,West Ham,Leicester,L,7.463,3.29,3.15,7,1,1,1
19/03/2017,Man City,Liverpool,D,7.121,3.462,3.701,4,8,-1,-1
19/03/2017,Middlesbrough,Man United,L,10.019,3.99,2.143,20,5,-1,1
19/03/2017,Tottenham,Southampton,W,6.943,3.558,5.012,3,6,-1,0
01/04/2017,Burnley,Tottenham,L,9.946,4.055,2.116,20,3,1,-1
01/04/2017,Chelsea,Crystal Palace,L,6.844,5.194,10.948,10,15,-1,-1
01/04/2017,Hull,West Ham,W,7.583,3.262,2.945,20,7,-1,0
01/04/2017,Leicester,Stoke,W,7.138,3.291,3.737,1,9,0,1
01/04/2017,Liverpool,Everton,W,6.958,3.661,4.786,8,11,0,1
01/04/2017,Man United,West Brom,D,6.842,4.596,9.04,5,14,1,1
01/04/2017,Southampton,Bournemouth,D,6.91,3.734,5.24,6,16,-1,1
01/04/2017,Watford,Sunderland,W,7.017,3.392,4.305,13,17,0,0
02/04/2017,Arsenal,Man City,D,8.115,3.588,2.377,2,4,-1,0
02/04/2017,Swansea,Middlesbrough,D,7.088,3.259,4.017,12,20,1,-1
04/04/2017,Burnley,Stoke,W,7.337,3.057,3.165,20,9,0,1
04/04/2017,Leicester,Sunderland,W,6.719,4.116,7.33,1,17,-1,1
04/04/2017,Man United,Everton,D,6.871,3.814,5.974,5,11,-1,0
04/04/2017,Watford,West Brom,W,7.378,3.107,3.042,13,14,-1,-1
05/04/2017,Arsenal,West Ham,W,6.739,4.709,7.219,2,7,-1,-1
05/04/2017,Chelsea,Man City,W,7.278,3.328,3.044,10,4,1,0
05/04/2017,Hull,Middlesbrough,W,7.06,3.15,3.814,20,20,0,-1
05/04/2017,Liverpool,Bournemouth,D,6.846,4.785,8.065,8,16,-1,0
05/04/2017,Southampton,Crystal Palace,W,6.891,3.395,4.404,6,15,1,1
05/04/2017,Swansea,Tottenham,L,9.478,4.035,2.09,12,3,1,1
08/04/2017,Bournemouth,Chelsea,L,10.374,4.329,2.104,16,10,1,-1
08/04/2017,Man City,Hull,W,7.073,6.516,13.717,4,20,-1,0
08/04/2017,Middlesbrough,Burnley,D,7.429,3.045,3.179,20,20,-1,-1
08/04/2017,Stoke,Liverpool,L,8.734,3.698,2.172,9,8,-1,1
08/04/2017,Tottenham,Watford,W,6.901,5.55,12.465,3,13,1,0
08/04/2017,West Brom,Southampton,L,7.829,3.231,2.589,14,6,1,1
08/04/2017,West Ham,Swansea,W,7.311,3.326,3.491,7,12,0,-1
09/04/2017,Everton,Leicester,W,6.736,3.547,4.706,11,1,0,-1
09/04/2017,Sunderland,Man United,L,12.907,5.69,2.322,17,5,1,1
10/04/2017,Crystal Palace,Arsenal,W,8.86,3.931,2.089,15,2,1,-1
15/04/2017,Crystal Palace,Leicester,D,6.757,3.453,4.46,15,1,-1,-1
15/04/2017,Everton,Burnley,W,6.49,4.142,7.16,11,20,0,1
15/04/2017,Southampton,Man City,L,8.8,4.015,2.057,6,4,1,0
15/04/2017,Stoke,Hull,W,6.742,3.253,3.893,9,20,-1,-1
15/04/2017,Sunderland,West Ham,D,7.705,3.406,2.369,17,7,0,1
15/04/2017,Tottenham,Bournemouth,W,6.671,5.591,10.118,3,16,-1,-1
15/04/2017,Watford,Swansea,W,7.105,3.19,2.939,13,12,0,1
16/04/2017,Man United,Chelsea,W,7.21,3.132,2.845,5,10,0,0
16/04/2017,West Brom,Liverpool,L,8.566,3.763,2.122,14,8,0,1
17/04/2017,Middlesbrough,Arsenal,L,10.238,4.478,2.075,20,2,0,1
22/04/2017,Bournemouth,Middlesbrough,W,6.823,3.452,4.062,16,20,1,0
22/04/2017,Hull,Watford,W,6.728,3.354,4.06,20,13,-1,1
22/04/2017,Swansea,Stoke,W,7.031,3.219,3.415,12,9,0,1
22/04/2017,West Ham,Everton,D,7.814,3.476,2.346,7,11,-1,-1
23/04/2017,Burnley,Man United,L,9.854,4.049,2.114,20,5,-1,1
23/04/2017,Liverpool,Crystal Palace,L,6.649,4.185,6.424,8,15,-1,-1
25/04/2017,Chelsea,Southampton,W,6.485,4.169,7.365,10,6,-1,0
26/04/2017,Arsenal,Leicester,W,6.466,4.062,5.098,2,1,0,0
26/04/2017,Crystal Palace,Tottenham,L,9.318,4.235,2.08,15,3,1,1
26/04/2017,Middlesbrough,Sunderland,W,6.833,3.245,3.287,20,17,1,0
27/04/2017,Man City,Man United,D,6.614,3.47,3.953,4,5,-1,1
29/04/2017,Crystal Palace,Burnley,L,6.762,3.368,4.434,15,20,1,1
29/04/2017,Southampton,Hull,D,6.687,3.642,4.971,6,20,1,0
29/04/2017,Stoke,West Ham,D,6.974,3.258,3.438,9,7,1,0
29/04/2017,Sunderland,Bournemouth,L,7.654,3.436,2.445,17,16,0,1
29/04/2017,West Brom,Leicester,L,7.163,3.29,2.797,14,1,0,-1
30/04/2017,Everton,Chelsea,L,8.206,3.578,2.214,11,10,-1,0
30/04/2017,Man United,Swansea,D,6.608,4.518,8.38,5,12,-1,-1
30/04/2017,Middlesbrough,Man City,D,13.938,6.288,2.352,20,4,1,0
30/04/2017,Tottenham,Arsenal,W,6.858,3.593,3.725,3,2,0,-1
01/05/2017,Watford,Liverpool,L,9.787,4.544,2.051,13,8,0,-1
05/05/2017,West Ham,Tottenham,W,12.089,5.589,2.193,7,3,1,1
06/05/2017,Bournemouth,Stoke,D,6.958,3.332,3.24,16,9,1,-1
06/05/2017,Burnley,West Brom,D,6.943,3.154,3.498,20,14,0,-1
06/05/2017,Hull,Sunderland,L,6.492,4.221,6.908,20,17,-1,-1
06/05/2017,Leicester,Watford,W,6.536,3.747,5.927,1,13,0,-1
06/05/2017,Man City,Crystal Palace,W,6.255,5.679,9.821,4,15,-1,0
06/05/2017,Swansea,Everton,W,7.236,3.385,2.628,12,11,-1,-1
07/05/2017,Arsenal,Man United,W,6.752,3.457,3.926,2,5,0,1
07/05/2017,Liverpool,Southampton,D,6.556,3.854,5.574,8,6,1,1
08/05/2017,Chelsea,Middlesbrough,W,6.655,7.322,16.955,10,20,1,1
10/05/2017,Southampton,Arsenal,L,7.933,3.679,2.208,6,2,-1,0
12/05/2017,Everton,Watford,W,6.619,4.184,6.746,11,13,1,0
12/05/2017,West Brom,Chelsea,L,12.842,5.61,2.272,14,10,-1,1
13/05/2017,Bournemouth,Burnley,W,6.979,3.42,3.842,16,20,-1,-1
13/05/2017,Man City,Leicester,W,6.875,5.816,11.17,4,1,-1,0
13/05/2017,Middlesbrough,Southampton,L,8.49,3.57,2.218,20,6,0,1
13/05/2017,Stoke,Arsenal,L,9.081,4.098,2.056,9,2,-1,0
13/05/2017,Sunderland,Swansea,L,8.662,3.769,2.148,17,12,0,0
14/05/2017,Crystal Palace,Hull,W,6.94,3.347,3.565,15,20,1,1
14/05/2017,Tottenham,Man United,W,6.849,3.629,4.728,3,5,-1,1
14/05/2017,West Ham,Liverpool,L,9.454,4.137,2.089,7,8,-1,1
15/05/2017,Chelsea,Watford,W,6.729,5.822,10.777,10,13,0,1
16/05/2017,Arsenal,Sunderland,W,7.223,9.904,23.862,2,17,-1,1
16/05/2017,Man City,West Brom,W,6.889,7.91,20.176,4,14,1,-1
17/05/2017,Southampton,Man United,D,7.278,3.228,2.797,6,5,-1,-1
18/05/2017,Leicester,Tottenham,L,8.58,3.785,2.153,1,3,1,-1
21/05/2017,Arsenal,Everton,W,6.412,4.53,6.794,2,11,0,0
21/05/2017,Burnley,West Ham,L,7.09,3.316,2.96,20,7,0,1
21/05/2017,Chelsea,Sunderland,W,6.805,7.346,18.088,10,17,-1,1
21/05/2017,Hull,Tottenham,L,10.276,4.705,2.054,20,3,0,-1
21/05/2017,Leicester,Bournemouth,D,6.771,3.505,3.764,1,16,1,1
21/05/2017,Liverpool,Middlesbrough,W,6.777,7.917,23.078,8,20,-1,1
21/05/2017,Man United,Crystal Palace,W,7.155,3.251,2.921,5,15,1,0
21/05/2017,Southampton,Stoke,L,6.647,3.564,4.378,6,9,-1,1
21/05/2017,Swansea,West Brom,W,6.841,3.344,3.522,12,14,0,0
21/05/2017,Watford,Man City,L,13.97,6.581,2.35,13,4,-1,0
11/08/2017,Arsenal,Leicester,W,6.297,4.133,5.994,5,12,0,0
12/08/2017,Brighton,Man City,L,12.987,5.973,2.317,20,3,0,0
12/08/2017,Chelsea,Burnley,L,6.313,5.59,12.861,1,16,0,0
12/08/2017,Crystal Palace,Huddersfield,L,6.434,3.315,4.519,14,20,0,0
12/08/2017,Everton,Stoke,W,6.248,3.468,5.138,7,13,0,0
12/08/2017,Southampton,Swansea,D,6.325,3.615,5.523,8,15,0,0
12/08/2017,Watford,Liverpool,D,9.585,4.343,2.077,17,4,0,0
12/08/2017,West Brom,Bournemouth,W,6.862,3.138,3.075,10,9,0,0
13/08/2017,Man United,West Ham,W,6.162,4.929,9.928,6,11,0,0
13/08/2017,Newcastle,Tottenham,L,9.095,4.039,2.095,20,2,0,0
19/08/2017,Bournemouth,Watford,L,5.987,3.365,3.798,9,17,-1,0
19/08/2017,Burnley,West Brom,L,6.377,3.059,3.005,16,10,1,1
19/08/2017,Leicester,Brighton,W,5.717,3.446,4.872,12,20,-1,-1
19/08/2017,Liverpool,Crystal Palace,W,5.708,4.666,8.128,4,14,0,-1
19/08/2017,Southampton,West Ham,W,5.826,3.519,4.681,8,11,0,-1
19/08/2017,Stoke,Arsenal,W,7.861,3.824,2.114,13,5,-1,1
19/08/2017,Swansea,Man United,L,12.698,5.682,2.385,15,6,0,1
20/08/2017,Huddersfield,Newcastle,W,6.304,3.142,3.066,20,20,1,-1
20/08/2017,Tottenham,Chelsea,L,6.064,3.306,3.495,2,1,1,-1
21/08/2017,Man City,Everton,D,5.509,4.999,8.93,3,7,1,1
26/08/2017,Bournemouth,Man City,L,12.406,6.236,2.271,9,3,-1,0
26/08/2017,Crystal Palace,Swansea,L,5.837,3.264,4.02,14,15,-1,-1
26/08/2017,Huddersfield,Southampton,D,7.261,3.367,2.329,20,8,1,1
26/08/2017,Man United,Leicester,W,5.635,4.913,9.41,6,12,1,1
26/08/2017,Newcastle,West Ham,W,6.102,3.228,3.188,20,11,-1,-1
26/08/2017,Watford,Brighton,D,5.831,3.228,4.029,17,20,1,-1
27/08/2017,Chelsea,Everton,W,5.463,4.107,7.264,1,7,1,0
27/08/2017,Liverpool,Arsenal,W,6.033,3.395,3.273,4,5,1,-1
27/08/2017,Tottenham,Burnley,D,5.64,5.573,12.271,2,16,-1,-1
27/08/2017,West Brom,Stoke,D,6.151,3.028,3.258,10,13,1,1
09/09/2017,Arsenal,Bournemouth,W,5.532,4.898,7.679,5,9,-1,-1
09/09/2017,Brighton,West Brom,W,6.255,2.998,2.965,20,10,0,0
09/09/2017,Everton,Tottenham,L,7.08,3.468,2.283,7,2,-1,0
09/09/2017,Leicester,Chelsea,L,7.802,3.849,2.111,12,1,-1,1
09/09/2017,Man City,Liverpool,W,5.728,3.61,3.837,3,4,1,1
09/09/2017,Southampton,Watford,L,5.56,3.603,5.265,8,17,0,0
09/09/2017,Stoke,Man United,D,9.787,4.632,2.135,13,6,0,1
10/09/2017,Burnley,Crystal Palace,W,6.026,3.119,3.207,16,14,0,-1
10/09/2017,Swansea,Newcastle,L,6.031,3.126,3.162,15,20,1,1
11/09/2017,West Ham,Huddersfield,W,5.606,3.301,4.063,11,20,-1,0
15/09/2017,Bournemouth,Brighton,W,6.1,3.215,3.51,9,20,-1,1
16/09/2017,Crystal Palace,Southampton,L,6.706,3.21,2.61,14,8,-1,-1
16/09/2017,Huddersfield,Leicester,D,6.992,3.346,2.429,20,12,-1,-1
16/09/2017,Liverpool,Burnley,D,5.757,5.271,11.062,4,16,-1,1
16/09/2017,Newcastle,Stoke,W,6.235,3.125,3.217,20,13,1,0
16/09/2017,Tottenham,Swansea,D,5.792,5.848,12.326,2,15,1,-1
16/09/2017,Watford,Man City,L,11.603,5.962,2.177,17,3,1,1
16/09/2017,West Brom,West Ham,D,6.239,3.127,3.218,10,11,-1,1
17/09/2017,Chelsea,Arsenal,D,5.893,3.611,4.185,1,5,1,1
17/09/2017,Man United,Everton,W,5.709,4.648,9.468,6,7,0,-1
23/09/2017,Burnley,Huddersfield,D,6.556,3.076,3.579,16,20,0,0
23/09/2017,Everton,Bournemouth,W,6.131,3.595,5.094,7,9,-1,1
23/09/2017,Leicester,Liverpool,L,8.103,3.786,2.156,12,4,0,0
23/09/2017,Man City,Crystal Palace,W,6.51,7.994,17.81,3,14,1,-1
23/09/2017,Southampton,Man United,L,8.934,3.895,2.113,8,6,1,1
23/09/2017,Stoke,Chelsea,L,9.453,4.225,2.076,13,1,-1,0
23/09/2017,Swansea,Watford,L,6.694,3.172,3.144,15,17,0,-1
23/09/2017,West Ham,Tottenham,L,9.349,4.342,2.071,11,2,0,0
24/09/2017,Brighton,Newcastle,W,6.979,3.088,2.819,20,20,-1,1
25/09/2017,Arsenal,West Brom,W,6.058,4.831,8.858,5,10,0,0
30/09/2017,Bournemouth,Leicester,D,6.811,3.32,2.589,9,12,-1,-1
30/09/2017,Chelsea,Man City,L,6.825,3.364,2.564,1,3,1,1
30/09/2017,Huddersfield,Tottenham,L,11.385,5.246,2.198,20,2,0,1
30/09/2017,Man United,Crystal Palace,W,6.086,6.593,16.575,6,14,1,-1
30/09/2017,Stoke,Southampton,W,6.893,3.202,2.596,13,8,-1,-1
30/09/2017,West Brom,Watford,D,6.382,3.064,3.38,10,17,-1,1
30/09/2017,West Ham,Swansea,W,6.117,3.294,4.208,11,15,-1,-1
01/10/2017,Arsenal,Brighton,W,5.982,5.708,11.154,5,20,1,1
01/10/2017,Everton,Burnley,L,5.889,3.462,5.309,7,16,1,0
01/10/2017,Newcastle,Liverpool,D,8.567,4.054,2.059,20,4,-1,1
14/10/2017,Burnley,West Ham,D,6.166,3.175,2.781,16,11,1,1
14/10/2017,Crystal Palace,Chelsea,W,11.088,5.32,2.199,14,1,-1,-1
14/10/2017,Liverpool,Man United,D,6.317,3.244,2.72,4,6,0,1
14/10/2017,Man City,Stoke,W,5.782,7.922,16.58,3,13,1,1
14/10/2017,Swansea,Huddersfield,W,5.769,3.083,3.635,15,20,-1,-1
14/10/2017,Tottenham,Bournemouth,W,5.663,6.559,12.477,2,9,1,0
14/10/2017,Watford,Arsenal,W,8.374,4.33,2.052,17,5,0,1
15/10/2017,Brighton,Everton,D,6.56,3.194,2.522,20,7,-1,-1
15/10/2017,Southampton,Newcastle,D,5.667,3.353,4.314,8,20,-1,0
16/10/2017,Leicester,West Brom,D,5.66,3.233,3.876,12,10,0,0
20/10/2017,West Ham,Brighton,L,5.862,3.269,4.648,11,20,0,0
21/10/2017,Chelsea,Watford,W,5.725,4.676,8.332,1,17,-1,1
21/10/2017,Huddersfield,Man United,W,12.535,5.778,2.354,20,6,-1,0
21/10/2017,Man City,Burnley,W,6.308,9.521,22.074,3,16,1,0
21/10/2017,Newcastle,Crystal Palace,W,5.981,3.261,3.94,20,14,0,1
21/10/2017,Southampton,West Brom,W,5.876,3.236,4.736,8,10,0,0
21/10/2017,Stoke,Bournemouth,L,6.105,3.261,3.429,13,9,-1,-1
21/10/2017,Swansea,Leicester,L,6.564,3.202,2.745,15,12,1,0
22/10/2017,Everton,Arsenal,L,7.344,3.582,2.219,7,5,0,-1
22/10/2017,Tottenham,Liverpool,W,6.041,3.343,3.253,2,4,1,0
28/10/2017,Arsenal,Swansea,W,5.726,6.14,11.337,5,15,1,-1
28/10/2017,Bournemouth,Chelsea,L,8.683,4.363,2.049,9,1,1,1
28/10/2017,Crystal Palace,West Ham,D,6.159,3.19,3.112,14,11,-1,-1
28/10/2017,Liverpool,Huddersfield,W,5.679,5.819,11.408,4,20,-1,1
28/10/2017,Man United,Tottenham,W,6.011,3.219,3.463,6,2,-1,1
28/10/2017,Watford,Stoke,L,5.94,3.36,3.574,17,13,-1,-1
28/10/2017,West Brom,Man City,L,13.871,7.078,2.453,10,3,-1,1
29/10/2017,Brighton,Southampton,D,6.67,3.185,2.529,20,8,1,1
29/10/2017,Leicester,Everton,W,5.779,3.244,3.416,12,7,1,-1
30/10/2017,Burnley,Newcastle,W,6.435,3.146,2.682,16,20,-1,1
04/11/2017,Huddersfield,West Brom,W,6.493,2.981,2.953,20,10,-1,-1
04/11/2017,Newcastle,Bournemouth,L,5.971,3.304,3.9,20,9,-1,-1
04/11/2017,Southampton,Burnley,L,5.762,3.427,5.814,8,16,0,1
04/11/2017,Stoke,Leicester,D,6.471,3.214,2.812,13,12,1,1
04/11/2017,Swansea,Brighton,L,6.261,3.073,3.233,15,20,-1,0
04/11/2017,West Ham,Liverpool,L,8.554,4.281,2.068,11,4,0,1
05/11/2017,Chelsea,Man United,W,6.347,3.108,3.03,1,6,1,1
05/11/2017,Everton,Watford,W,5.993,3.234,3.448,7,17,-1,-1
05/11/2017,Man City,Arsenal,W,5.777,4.65,6.456,3,5,1,1
05/11/2017,Tottenham,Crystal Palace,W,5.777,5.364,10.186,2,14,-1,0
18/11/2017,Arsenal,Tottenham,W,6.262,3.418,2.805,5,2,-1,1
18/11/2017,Bournemouth,Huddersfield,W,5.78,3.277,4.536,9,20,1,1
18/11/2017,Burnley,Swansea,W,5.927,3.071,3.906,16,15,1,-1
18/11/2017,Crystal Palace,Everton,D,6.175,3.157,3.121,14,7,-1,1
18/11/2017,Leicester,Man City,L,11.476,5.968,2.152,12,3,0,1
18/11/2017,Liverpool,Southampton,W,5.61,4.444,7.776,4,8,1,-1
18/11/2017,Man United,Newcastle,W,5.584,5.074,11.569,6,20,-1,-1
18/11/2017,West Brom,Chelsea,L,9.236,4.237,2.109,10,1,-1,1
19/11/2017,Watford,West Ham,W,5.971,3.29,3.471,17,11,-1,-1
20/11/2017,Brighton,Stoke,D,6.048,3.062,3.212,20,13,1,0
24/11/2017,West Ham,Leicester,D,6.406,3.263,2.754,11,12,-1,-1
25/11/2017,Crystal Palace,Stoke,W,5.923,3.235,3.694,14,13,0,0
25/11/2017,Liverpool,Chelsea,D,6.009,3.362,3.338,4,1,1,1
25/11/2017,Man United,Brighton,W,5.705,6.175,17.274,6,20,1,0
25/11/2017,Newcastle,Watford,L,6.023,3.249,3.365,20,17,-1,1
25/11/2017,Swansea,Bournemouth,D,6.446,3.173,2.758,15,9,-1,1
25/11/2017,Tottenham,West Brom,D,5.614,5.368,12.505,2,10,-1,-1
26/11/2017,Burnley,Arsenal,L,9.081,4.511,2.056,16,5,1,1
26/11/2017,Huddersfield,Man City,L,17.533,8.663,2.825,20,3,-1,1
26/11/2017,Southampton,Everton,W,5.679,3.252,4.386,8,7,-1,0
28/11/2017,Brighton,Crystal Palace,D,6.337,3.071,2.928,20,14,-1,1
28/11/2017,Leicester,Tottenham,W,8.137,3.966,2.097,12,2,0,0
28/11/2017,Watford,Man United,L,8.388,4.049,2.094,17,6,1,1
28/11/2017,West Brom,Newcastle,D,6.137,3.048,3.286,10,20,0,-1
29/11/2017,Arsenal,Huddersfield,W,5.711,6.313,14.733,5,20,1,-1
29/11/2017,Bournemouth,Burnley,L,5.769,3.207,3.956,9,16,0,-1
29/11/2017,Chelsea,Swansea,W,5.76,6.496,16.053,1,15,0,0
29/11/2017,Everton,West Ham,W,6.107,3.204,3.189,7,11,-1,0
29/11/2017,Man City,Southampton,W,5.814,6.865,14.549,3,8,1,1
29/11/2017,Stoke,Liverpool,L,9.301,4.655,2.04,13,4,-1,0
02/12/2017,Arsenal,Man United,L,6.238,3.22,2.971,5,6,1,1
02/12/2017,Brighton,Liverpool,L,9.855,4.77,2.114,20,4,0,1
02/12/2017,Chelsea,Newcastle,W,5.532,5.586,12.072,1,20,1,0
02/12/2017,Everton,Huddersfield,W,5.58,3.471,5.086,7,20,1,-1
02/12/2017,Leicester,Burnley,W,5.768,3.364,4.508,12,16,1,1
02/12/2017,Stoke,Swansea,W,5.834,3.224,4.115,13,15,-1,-1
02/12/2017,Watford,Tottenham,D,8.191,4.081,2.091,17,2,-1,-1
02/12/2017,West Brom,Crystal Palace,D,6.227,3.061,3.085,10,14,0,0
03/12/2017,Bournemouth,Southampton,D,6.611,3.173,2.603,9,8,-1,-1
03/12/2017,Man City,West Ham,W,6.252,9.803,20.968,3,11,1,-1
09/12/2017,Burnley,Watford,W,6.603,3.136,2.965,16,17,-1,0
09/12/2017,Crystal Palace,Bournemouth,D,6.244,3.259,3.702,14,9,0,0
09/12/2017,Huddersfield,Brighton,W,6.674,2.981,3.001,20,20,-1,-1
09/12/2017,Newcastle,Leicester,L,6.661,3.205,2.819,20,12,-1,1
09/12/2017,Swansea,West Brom,W,6.677,2.988,2.96,15,10,-1,0
09/12/2017,Tottenham,Stoke,W,5.998,5.47,9.871,2,13,0,1
09/12/2017,West Ham,Chelsea,W,10.214,4.714,2.121,11,1,-1,1
10/12/2017,Liverpool,Everton,D,5.885,5.157,9.3,4,7,1,1
10/12/2017,Man United,Man City,L,7.237,3.469,2.347,6,3,1,1
10/12/2017,Southampton,Arsenal,D,7.716,3.685,2.176,8,5,0,-1
12/12/2017,Burnley,Stoke,W,6.423,3.09,3.376,16,13,1,-1
12/12/2017,Crystal Palace,Watford,W,6.46,3.316,3.149,14,17,0,-1
12/12/2017,Huddersfield,Chelsea,L,11.387,5.046,2.21,20,1,1,-1
13/12/2017,Liverpool,West Brom,D,5.922,6.184,12.605,4,10,0,-1
13/12/2017,Man United,Bournemouth,W,5.979,5.338,10.81,6,9,-1,0
13/12/2017,Newcastle,Everton,L,6.529,3.192,3.083,20,7,-1,0
13/12/2017,Southampton,Leicester,L,6.274,3.244,3.653,8,12,0,1
13/12/2017,Swansea,Man City,L,15.419,7.303,2.576,15,3,1,1
13/12/2017,Tottenham,Brighton,W,6.008,5.671,12.133,2,20,1,-1
13/12/2017,West Ham,Arsenal,D,8.869,4.314,2.052,11,5,1,0
16/12/2017,Arsenal,Newcastle,W,5.675,5.661,11.763,5,20,0,-1
16/12/2017,Brighton,Burnley,D,6.31,2.954,3.106,20,16,-1,1
16/12/2017,Chelsea,Southampton,W,5.594,4.53,8.068,1,8,1,-1
16/12/2017,Leicester,Crystal Palace,L,5.805,3.398,4.117,12,14,1,1
16/12/2017,Man City,Tottenham,W,5.66,4.152,5.614,3,2,1,1
16/12/2017,Stoke,West Ham,L,6.07,3.183,3.285,13,11,-1,0
16/12/2017,Watford,Huddersfield,L,5.739,3.467,4.642,17,20,-1,-1
17/12/2017,Bournemouth,Liverpool,L,9.365,4.728,2.054,9,4,-1,0
17/12/2017,West Brom,Man United,L,9.279,4.228,2.107,10,6,0,1
18/12/2017,Everton,Swansea,W,5.584,3.42,5.025,7,15,1,-1
22/12/2017,Arsenal,Liverpool,D,6.383,3.499,2.795,5,4,1,1
23/12/2017,Brighton,Watford,W,6.337,3.088,2.931,20,17,0,-1
23/12/2017,Burnley,Tottenham,L,9.666,4.425,2.146,16,2,0,-1
23/12/2017,Everton,Chelsea,D,8.845,4.116,2.113,7,1,1,1
23/12/2017,Leicester,Man United,D,7.79,3.732,2.151,12,6,-1,1
23/12/2017,Man City,Bournemouth,W,6.22,9.792,21.742,3,9,1,-1
23/12/2017,Southampton,Huddersfield,D,5.644,3.615,5.954,8,20,-1,1
23/12/2017,Stoke,West Brom,W,6.093,3.114,3.326,13,10,-1,-1
23/12/2017,Swansea,Crystal Palace,D,6.823,3.179,2.519,15,14,-1,1
23/12/2017,West Ham,Newcastle,L,5.945,3.215,3.684,11,20,1,-1
26/12/2017,Bournemouth,West Ham,D,6.552,3.204,2.731,9,11,-1,-1
26/12/2017,Chelsea,Brighton,W,5.823,6.318,15.498,1,20,0,1
26/12/2017,Huddersfield,Stoke,D,6.344,3.11,3.044,20,13,0,1
26/12/2017,Liverpool,Swansea,W,5.979,7.377,17.254,4,15,0,0
26/12/2017,Man United,Burnley,D,5.774,5.607,12.647,6,16,0,-1
26/12/2017,Tottenham,Southampton,W,5.732,4.667,8.587,2,8,1,0
26/12/2017,Watford,Leicester,W,6.416,3.345,2.804,17,12,-1,0
26/12/2017,West Brom,Everton,D,6.35,3.092,3.049,10,7,-1,0
27/12/2017,Newcastle,Man City,L,14.614,7.469,2.571,20,3,1,1
28/12/2017,Crystal Palace,Arsenal,L,8.051,3.967,2.088,14,5,0,0
30/12/2017,Bournemouth,Everton,W,6.269,3.175,3.121,9,7,0,0
30/12/2017,Chelsea,Stoke,W,5.919,6.739,15.957,1,13,1,0
30/12/2017,Huddersfield,Burnley,D,6.257,2.991,3.32,20,16,0,0
30/12/2017,Liverpool,Leicester,W,5.769,5.3,8.912,4,12,1,-1
30/12/2017,Man United,Southampton,D,5.725,4.672,8.321,6,8,0,-1
30/12/2017,Newcastle,Brighton,D,5.975,3.101,3.645,20,20,-1,-1
30/12/2017,Watford,Swansea,L,5.801,3.485,5.087,17,15,1,-1
31/12/2017,Crystal Palace,Man City,D,13.555,6.954,2.381,14,3,-1,1
31/12/2017,West Brom,Arsenal,D,8.31,4.037,2.078,10,5,0,1
01/01/2018,Brighton,Bournemouth,D,6.145,3.05,3.252,20,9,0,1
01/01/2018,Burnley,Liverpool,L,9.916,4.694,2.122,16,4,0,1
01/01/2018,Everton,Man United,L,8.413,3.735,2.167,7,6,-1,0
01/01/2018,Leicester,Huddersfield,W,5.679,3.618,5.158,12,20,-1,0
01/01/2018,Stoke,Newcastle,L,6.1,3.176,3.261,13,20,-1,0
02/01/2018,Man City,Watford,W,5.903,7.501,17.572,3,17,0,-1
02/01/2018,Southampton,Crystal Palace,L,5.873,3.281,3.833,8,14,0,0
02/01/2018,Swansea,Tottenham,L,12.733,6.052,2.337,15,2,1,1
02/01/2018,West Ham,West Brom,W,5.848,3.215,4.011,11,10,0,0
03/01/2018,Arsenal,Chelsea,D,6.427,3.343,2.658,5,1,0,1
04/01/2018,Tottenham,West Ham,D,5.324,5.332,9.817,2,11,1,1
13/01/2018,Chelsea,Leicester,D,5.858,5.211,10.116,1,12,0,1
13/01/2018,Crystal Palace,Burnley,W,5.985,3.111,4.052,14,16,1,-1
13/01/2018,Huddersfield,West Ham,L,6.581,3.044,2.948,20,11,-1,0
13/01/2018,Newcastle,Swansea,D,5.948,3.192,4.193,20,15,1,-1
13/01/2018,Tottenham,Everton,W,5.767,5.23,11.119,2,7,0,-1
13/01/2018,Watford,Southampton,D,6.359,3.25,2.931,17,8,-1,-1
13/01/2018,West Brom,Brighton,W,6.049,2.953,3.965,10,20,-1,0
14/01/2018,Bournemouth,Arsenal,W,8.118,4.14,2.054,9,5,0,0
14/01/2018,Liverpool,Man City,W,6.82,3.566,2.372,4,3,1,1
15/01/2018,Man United,Stoke,W,5.591,6.062,12.713,6,13,1,-1
20/01/2018,Arsenal,Crystal Palace,W,5.858,4.144,6.235,5,14,-1,1
20/01/2018,Brighton,Chelsea,L,9.429,4.149,2.133,20,1,-1,0
20/01/2018,Burnley,Man United,L,9.895,4.281,2.152,16,6,-1,1
20/01/2018,Everton,West Brom,D,6.201,3.051,3.725,7,10,-1,1
20/01/2018,Leicester,Watford,W,6.03,3.552,4.071,12,17,0,0
20/01/2018,Man City,Newcastle,W,6.274,8.503,20.678,3,20,-1,0
20/01/2018,Stoke,Huddersfield,W,6.132,3.181,3.823,13,20,-1,-1
20/01/2018,West Ham,Bournemouth,D,6.017,3.395,3.687,11,9,1,1
21/01/2018,Southampton,Tottenham,D,8.886,4.162,2.072,8,2,0,1
22/01/2018,Swansea,Liverpool,W,12.998,6.226,2.376,15,4,0,1
30/01/2018,Huddersfield,Liverpool,L,13.294,6.221,2.378,20,4,-1,-1
30/01/2018,Swansea,Arsenal,W,10.017,4.731,2.123,15,5,1,1
30/01/2018,West Ham,Crystal Palace,D,6.84,3.246,2.6,11,14,0,-1
31/01/2018,Chelsea,Bournemouth,L,5.999,5.462,10.102,1,9,1,0
31/01/2018,Everton,Leicester,W,6.94,3.147,2.65,7,12,0,1
31/01/2018,Man City,West Brom,W,6.289,7.797,18.438,3,10,1,0
31/01/2018,Newcastle,Burnley,D,6.323,3.041,3.672,20,16,-1,-1
31/01/2018,Southampton,Brighton,D,6.044,3.258,5.196,8,20,0,-1
31/01/2018,Stoke,Watford,D,6.388,3.319,3.26,13,17,1,-1
31/01/2018,Tottenham,Man United,W,6.45,3.209,3.196,2,6,0,1
03/02/2018,Arsenal,Everton,W,5.969,4.989,9.736,5,7,-1,1
03/02/2018,Bournemouth,Stoke,W,6.3,3.415,3.947,9,13,1,0
03/02/2018,Brighton,West Ham,W,6.436,2.967,3.42,20,11,0,0
03/02/2018,Burnley,Man City,D,14.154,6.503,2.479,16,3,0,1
03/02/2018,Leicester,Swansea,D,6.18,3.375,4.767,12,15,-1,1
03/02/2018,Man United,Huddersfield,W,6.247,7.02,18.706,6,20,-1,-1
03/02/2018,West Brom,Southampton,L,6.736,3.088,3.007,10,8,-1,0
04/02/2018,Crystal Palace,Newcastle,D,6.365,3.188,3.824,14,20,0,0
04/02/2018,Liverpool,Tottenham,D,6.452,3.493,3.315,4,2,1,1
05/02/2018,Watford,Chelsea,W,9.331,4.234,2.085,17,1,0,-1
10/02/2018,Everton,Crystal Palace,W,6.513,3.099,3.339,7,14,-1,0
10/02/2018,Man City,Leicester,W,6.284,6.096,12.492,3,12,0,0
10/02/2018,Stoke,Brighton,D,6.571,3.072,3.483,13,20,-1,1
10/02/2018,Swansea,Burnley,W,6.741,2.935,3.238,15,16,0,0
10/02/2018,Tottenham,Arsenal,W,6.512,3.566,3.365,2,5,0,1
10/02/2018,West Ham,Watford,W,6.8,3.19,2.917,11,17,-1,1
11/02/2018,Huddersfield,Bournemouth,W,7.357,3.199,2.509,20,9,-1,1
11/02/2018,Newcastle,Man United,W,9.29,4.069,2.085,20,6,0,1
11/02/2018,Southampton,Liverpool,L,8.348,3.911,2.098,8,4,1,0
12/02/2018,Chelsea,West Brom,W,5.806,4.504,7.985,1,10,-1,-1
24/02/2018,Bournemouth,Newcastle,D,6.526,3.277,3.509,9,20,-1,1
24/02/2018,Brighton,Swansea,W,6.511,3.013,3.822,20,15,0,1
24/02/2018,Burnley,Southampton,D,7.063,3.063,2.766,16,8,-1,-1
24/02/2018,Leicester,Stoke,D,6.273,3.544,4.756,12,13,-1,0
24/02/2018,Liverpool,West Ham,W,6.292,6.119,12.026,4,11,1,1
24/02/2018,Watford,Everton,W,6.507,3.199,3.302,17,7,-1,1
24/02/2018,West Brom,Huddersfield,L,6.393,3.128,4.236,10,20,-1,1
25/02/2018,Crystal Palace,Tottenham,L,10.303,4.73,2.101,14,2,-1,1
25/02/2018,Man United,Chelsea,W,6.519,3.135,3.32,6,1,-1,1
01/03/2018,Arsenal,Man City,L,8.171,4.002,2.068,5,3,-1,1
03/03/2018,Burnley,Everton,W,6.473,3.01,3.161,16,7,0,-1
03/03/2018,Leicester,Bournemouth,D,6.155,3.486,4.066,12,9,0,0
03/03/2018,Liverpool,Newcastle,W,6.092,6.253,12.954,4,20,1,0
03/03/2018,Southampton,Stoke,D,6.072,3.452,4.805,8,13,0,0
03/03/2018,Swansea,West Ham,W,6.61,3.119,2.987,15,11,-1,-1
03/03/2018,Tottenham,Huddersfield,W,6.112,6.463,14.596,2,20,1,1
03/03/2018,Watford,West Brom,W,6.292,3.172,3.659,17,10,1,-1
04/03/2018,Brighton,Arsenal,W,7.866,3.771,2.15,20,5,1,-1
04/03/2018,Man City,Chelsea,W,6.01,3.87,5.302,3,1,1,-1
05/03/2018,Crystal Palace,Man United,L,9.777,4.394,2.112,14,6,-1,1
10/03/2018,Chelsea,Crystal Palace,W,6.183,5.1,10.229,1,14,-1,-1
10/03/2018,Everton,Brighton,W,6.562,3.071,3.6,7,20,-1,1
10/03/2018,Huddersfield,Swansea,D,6.676,3.039,3.126,20,15,-1,1
10/03/2018,Man United,Liverpool,W,6.972,3.26,2.746,6,4,1,1
10/03/2018,Newcastle,Southampton,W,7,3.115,2.791,20,8,-1,0
10/03/2018,West Brom,Leicester,L,7.176,3.195,2.62,10,12,-1,0
10/03/2018,West Ham,Burnley,L,6.515,3.08,3.44,11,16,-1,1
11/03/2018,Arsenal,Watford,W,6.317,4.262,6.345,5,17,-1,1
11/03/2018,Bournemouth,Tottenham,L,9.903,4.681,2.042,9,2,0,1
12/03/2018,Stoke,Man City,L,15.478,7.384,2.585,13,3,0,1
17/03/2018,Bournemouth,West Brom,W,6.577,3.348,4.334,9,10,-1,-1
17/03/2018,Huddersfield,Crystal Palace,L,7.307,3.115,2.711,20,14,0,-1
17/03/2018,Liverpool,Watford,W,6.56,6.658,14.091,4,17,-1,-1
17/03/2018,Stoke,Everton,L,6.872,3.163,3.035,13,7,-1,1
31/03/2018,Brighton,Leicester,L,6.883,3.134,2.734,20,12,-1,1
31/03/2018,Crystal Palace,Liverpool,L,10.021,4.705,2.042,14,4,1,1
31/03/2018,Everton,Man City,L,12.29,5.764,2.218,7,3,1,1
31/03/2018,Man United,Swansea,W,5.908,5.688,12.259,6,15,1,0
31/03/2018,Newcastle,Huddersfield,W,6.166,3.313,4.812,20,20,1,-1
31/03/2018,Watford,Bournemouth,D,6.564,3.273,3.056,17,9,-1,1
31/03/2018,West Brom,Burnley,L,6.754,3.002,2.979,10,16,-1,1
31/03/2018,West Ham,Southampton,W,6.946,3.182,2.661,11,8,-1,-1
01/04/2018,Arsenal,Stoke,W,6.091,5.125,9.047,5,13,1,-1
01/04/2018,Chelsea,Tottenham,L,6.589,3.22,3.048,1,2,1,1
07/04/2018,Bournemouth,Crystal Palace,D,7.028,3.291,2.918,9,14,0,-1
07/04/2018,Brighton,Huddersfield,D,6.563,3.25,4.539,20,20,-1,-1
07/04/2018,Everton,Liverpool,D,8.265,3.707,2.159,7,4,-1,1
07/04/2018,Leicester,Newcastle,L,6.646,3.302,3.944,12,20,1,1
07/04/2018,Man City,Man United,L,6.287,3.464,4.018,3,6,1,1
07/04/2018,Stoke,Tottenham,L,13.236,5.97,2.308,13,2,-1,1
07/04/2018,Watford,Burnley,L,6.899,3.081,3.267,17,16,0,1
07/04/2018,West Brom,Swansea,D,6.946,3.1,3.165,10,15,-1,-1
08/04/2018,Arsenal,Southampton,W,6.327,4.017,5.632,5,8,1,-1
08/04/2018,Chelsea,West Ham,D,6.45,5.301,10.502,1,11,-1,1
14/04/2018,Burnley,Leicester,W,7.15,3.099,2.886,16,12,1,-1
14/04/2018,Crystal Palace,Brighton,W,6.487,3.253,4.316,14,20,0,0
14/04/2018,Huddersfield,Watford,W,7.135,3.117,2.871,20,17,0,-1
14/04/2018,Liverpool,Bournemouth,W,6.158,5.959,11.338,4,9,0,0
14/04/2018,Southampton,Chelsea,L,8.49,3.742,2.146,8,1,-1,0
14/04/2018,Swansea,Everton,D,6.837,3.099,3.007,15,7,0,0
14/04/2018,Tottenham,Man City,L,7.183,3.434,2.664,2,3,1,-1
15/04/2018,Man United,West Brom,L,6.434,6.556,16.136,6,10,1,0
15/04/2018,Newcastle,Arsenal,W,7.539,3.533,2.349,20,5,1,1
16/04/2018,West Ham,Stoke,D,6.681,3.267,3.82,11,13,0,-1
17/04/2018,Brighton,Tottenham,D,10.124,4.524,2.085,20,2,-1,-1
18/04/2018,Bournemouth,Man United,L,9.123,4.007,2.086,9,6,-1,-1
19/04/2018,Burnley,Chelsea,L,8.445,3.585,2.19,16,1,1,1
19/04/2018,Leicester,Southampton,D,7.048,3.307,3.024,12,8,-1,-1
21/04/2018,Watford,Crystal Palace,D,7.481,3.283,2.585,17,14,-1,1
21/04/2018,West Brom,Liverpool,D,10.715,4.669,2.111,10,4,1,1
22/04/2018,Arsenal,West Ham,W,6.572,4.138,5.482,5,11,-1,0
22/04/2018,Man City,Swansea,W,6.882,7.875,19.389,3,15,1,0
22/04/2018,Stoke,Burnley,D,7.002,3.146,3.274,13,16,0,-1
23/04/2018,Everton,Newcastle,W,6.666,3.15,3.243,7,20,0,1
28/04/2018,Burnley,Brighton,D,6.923,3.053,3.548,16,20,0,0
28/04/2018,Crystal Palace,Leicester,W,6.844,3.31,3.576,14,12,0,0
28/04/2018,Huddersfield,Everton,L,7.091,3.007,3.005,20,7,1,1
28/04/2018,Liverpool,Stoke,D,6.522,5.081,9.046,4,13,0,0
28/04/2018,Newcastle,West Brom,L,6.684,3.309,4.354,20,10,-1,0
28/04/2018,Southampton,Bournemouth,W,6.629,3.64,4.667,8,9,0,-1
28/04/2018,Swansea,Chelsea,L,10.795,4.604,2.135,15,1,-1,1
29/04/2018,Man United,Arsenal,W,6.515,4.224,7.115,6,5,1,1
29/04/2018,West Ham,Man City,L,13.168,5.981,2.293,11,3,-1,1
30/04/2018,Tottenham,Watford,W,6.54,7.203,17.869,2,17,0,0
04/05/2018,Brighton,Man United,W,8.724,3.694,2.155,20,6,0,1
05/05/2018,Bournemouth,Swansea,W,6.885,3.369,3.398,9,15,-1,-1
05/05/2018,Everton,Southampton,D,7.337,3.227,2.641,7,8,1,1
05/05/2018,Leicester,West Ham,L,6.979,3.274,3.232,12,11,-1,-1
05/05/2018,Stoke,Crystal Palace,L,7.277,3.261,2.77,13,14,0,1
05/05/2018,Watford,Newcastle,W,7.05,3.202,3.105,17,20,-1,-1
05/05/2018,West Brom,Tottenham,W,11.619,5.185,2.114,10,2,1,1
06/05/2018,Arsenal,Burnley,W,6.425,3.89,5.954,5,16,-1,0
06/05/2018,Chelsea,Liverpool,W,6.98,3.375,3.166,1,4,1,0
06/05/2018,Man City,Huddersfield,D,7.255,10.446,24.96,3,20,1,-1
08/05/2018,Swansea,Southampton,L,7.463,3.208,2.57,15,8,-1,0
09/05/2018,Chelsea,Huddersfield,D,6.707,6.793,16.283,1,20,1,0
09/05/2018,Leicester,Arsenal,W,8.101,3.791,2.178,12,5,-1,1
09/05/2018,Man City,Brighton,W,6.946,8.541,20.631,3,20,0,1
09/05/2018,Tottenham,Newcastle,W,6.707,7.009,14.77,2,20,-1,-1
10/05/2018,West Ham,Man United,D,8.801,3.86,2.111,11,6,1,-1
13/05/2018,Burnley,Bournemouth,L,6.7,3.284,3.35,16,9,-1,1
13/05/2018,Crystal Palace,West Brom,W,6.445,3.555,4.411,14,10,1,1
13/05/2018,Huddersfield,Arsenal,L,9.464,4.481,2.047,20,5,0,-1
13/05/2018,Liverpool,Brighton,W,6.427,6.79,14.927,4,20,-1,-1
13/05/2018,Man United,Watford,W,6.334,4.892,8.208,6,17,0,1
13/05/2018,Newcastle,Chelsea,W,9.703,4.369,2.088,20,1,-1,0
13/05/2018,Southampton,Man City,L,11.237,5.25,2.094,8,3,1,1
13/05/2018,Swansea,Stoke,L,6.515,3.5,3.919,15,13,-1,-1
13/05/2018,Tottenham,Leicester,W,6.333,5.28,8.557,2,12,1,1
13/05/2018,West Ham,Everton,W,6.747,3.304,2.983,11,7,0,0
10/08/2018,Man United,Leicester,W,6.689,7.483,6.007,2,9,0,0
11/08/2018,Bournemouth,Cardiff,W,6.552,7.232,3.881,12,20,0,0
11/08/2018,Fulham,Crystal Palace,L,6.742,7.169,2.8,20,11,0,0
11/08/2018,Huddersfield,Chelsea,L,9.071,8.001,2.156,16,5,0,0
11/08/2018,Newcastle,Tottenham,L,7.552,7.373,2.266,10,3,0,0
11/08/2018,Watford,Brighton,W,6.69,6.894,3.15,14,15,0,0
11/08/2018,Wolves,Everton,D,6.568,6.868,3.043,20,8,0,0
12/08/2018,Arsenal,Man City,L,7.591,7.473,2.122,6,1,0,0
12/08/2018,Liverpool,West Ham,W,7.247,8.719,10.521,4,13,0,0
12/08/2018,Southampton,Burnley,D,6.547,7.054,4.295,17,7,0,0
18/08/2018,Cardiff,Newcastle,D,7.335,7.042,2.599,20,10,-1,-1
18/08/2018,Chelsea,Arsenal,W,6.744,7.605,3.799,5,6,1,-1
18/08/2018,Everton,Southampton,W,6.677,7.15,3.933,8,17,0,0
18/08/2018,Leicester,Wolves,W,6.8,7.304,3.433,9,20,-1,0
18/08/2018,Tottenham,Fulham,W,7.417,9.088,9.057,3,20,1,-1
18/08/2018,West Ham,Bournemouth,L,6.805,7.49,3.269,13,12,-1,1
19/08/2018,Brighton,Man United,W,8.837,7.775,2.215,15,2,-1,1
19/08/2018,Burnley,Watford,L,7.059,6.939,3.165,7,14,0,1
19/08/2018,Man City,Huddersfield,W,10.092,13.385,24.249,1,16,1,-1
20/08/2018,Crystal Palace,Liverpool,L,9.88,8.742,2.068,11,4,1,1
25/08/2018,Arsenal,West Ham,W,7.075,7.951,6.853,6,13,-1,-1
25/08/2018,Bournemouth,Everton,D,7.032,7.32,2.598,12,8,1,1
25/08/2018,Huddersfield,Cardiff,D,6.906,6.918,3.337,16,20,-1,0
25/08/2018,Liverpool,Brighton,W,8.498,10.375,15.628,4,15,1,1
25/08/2018,Southampton,Leicester,L,6.935,7.179,3.003,17,9,-1,1
25/08/2018,Wolves,Man City,D,12.8,10.527,2.383,20,1,-1,1
26/08/2018,Fulham,Burnley,W,6.574,6.883,3.753,20,7,-1,-1
26/08/2018,Newcastle,Chelsea,L,8.912,8.163,2.112,10,5,0,1
26/08/2018,Watford,Crystal Palace,W,7.127,7.199,2.816,14,11,1,-1
27/08/2018,Man United,Tottenham,L,7.138,7.355,2.747,2,3,-1,1
01/09/2018,Brighton,Fulham,D,6.527,7.024,3.118,15,20,-1,1
01/09/2018,Chelsea,Bournemouth,W,7.065,8.506,8.244,5,12,1,0
01/09/2018,Crystal Palace,Southampton,L,6.335,6.821,3.719,11,17,-1,-1
01/09/2018,Everton,Huddersfield,D,6.478,7.281,6.118,8,16,0,0
01/09/2018,Leicester,Liverpool,L,9.81,8.775,2.143,9,4,1,1
01/09/2018,Man City,Newcastle,W,9.058,11.451,20.177,1,10,0,-1
01/09/2018,West Ham,Wolves,L,6.767,7.203,2.733,13,20,-1,0
02/09/2018,Burnley,Man United,L,8.73,7.649,2.192,7,2,-1,-1
02/09/2018,Cardiff,Arsenal,L,8.96,8.06,2.105,20,6,0,1
02/09/2018,Watford,Tottenham,W,8.534,7.915,2.068,14,3,1,1
15/09/2018,Bournemouth,Leicester,W,6.713,7.222,2.83,12,9,-1,-1
15/09/2018,Chelsea,Cardiff,W,8.045,9.932,14.082,5,20,1,-1
15/09/2018,Huddersfield,Crystal Palace,L,7.269,7.055,2.559,16,11,0,-1
15/09/2018,Man City,Fulham,W,8.837,11.556,17.822,1,20,1,0
15/09/2018,Newcastle,Arsenal,L,7.717,7.512,2.139,10,6,-1,1
15/09/2018,Tottenham,Liverpool,L,7.047,7.315,2.339,3,4,-1,1
15/09/2018,Watford,Man United,L,7.917,7.655,2.196,14,2,1,1
16/09/2018,Everton,West Ham,L,6.567,7.209,3.338,8,13,0,-1
16/09/2018,Wolves,Burnley,W,6.574,7.132,4.704,20,7,1,-1
17/09/2018,Southampton,Brighton,D,6.475,6.85,3.5,17,15,1,0
22/09/2018,Brighton,Tottenham,L,8.34,7.943,2.101,15,3,0,-1
22/09/2018,Burnley,Bournemouth,W,7.075,7.314,2.547,7,12,-1,1
22/09/2018,Cardiff,Man City,L,18.155,12.199,3.197,20,1,-1,1
22/09/2018,Crystal Palace,Newcastle,D,6.7,7.241,3.363,11,10,1,-1
22/09/2018,Fulham,Watford,D,6.873,7.339,2.724,20,14,-1,-1
22/09/2018,Leicester,Huddersfield,W,6.734,7.573,5.359,9,16,-1,-1
22/09/2018,Liverpool,Southampton,W,7.937,9.239,13.072,4,17,1,0
22/09/2018,Man United,Wolves,D,6.713,7.782,5.268,2,20,1,1
23/09/2018,Arsenal,Everton,W,6.661,7.375,5.689,6,8,1,-1
23/09/2018,West Ham,Chelsea,D,9.002,8.37,2.04,13,5,1,1
29/09/2018,Arsenal,Watford,W,6.764,7.508,5.565,6,14,1,0
29/09/2018,Chelsea,Liverpool,D,7.063,7.323,2.46,5,4,0,1
29/09/2018,Everton,Fulham,W,6.429,7.356,3.944,8,20,-1,0
29/09/2018,Huddersfield,Tottenham,L,10.314,8.79,2.202,16,3,-1,1
29/09/2018,Man City,Brighton,W,9.806,12.777,23.594,1,15,1,-1
29/09/2018,Newcastle,Leicester,L,6.913,7.212,2.822,10,9,0,1
29/09/2018,West Ham,Man United,W,7.924,7.686,2.143,13,2,0,0
29/09/2018,Wolves,Southampton,W,6.681,7.336,4.203,20,17,0,-1
30/09/2018,Cardiff,Burnley,L,6.913,6.945,2.996,20,7,-1,1
01/10/2018,Bournemouth,Crystal Palace,W,6.641,7.22,3.007,12,11,-1,0
05/10/2018,Brighton,West Ham,W,6.507,6.783,2.725,15,13,-1,1
06/10/2018,Burnley,Huddersfield,D,6.28,6.445,3.778,7,16,1,-1
06/10/2018,Crystal Palace,Wolves,L,6.537,6.639,2.632,11,20,-1,1
06/10/2018,Leicester,Everton,L,6.173,6.734,3.166,9,8,1,1
06/10/2018,Man United,Newcastle,W,6.419,7.557,6.585,2,10,-1,-1
06/10/2018,Tottenham,Cardiff,W,7.187,8.804,11.095,3,20,1,-1
06/10/2018,Watford,Bournemouth,L,6.266,6.947,3.139,14,12,-1,1
07/10/2018,Fulham,Arsenal,L,7.746,7.202,2.005,20,6,-1,1
07/10/2018,Liverpool,Man City,D,6.338,6.743,2.644,4,1,0,1
07/10/2018,Southampton,Chelsea,L,8.557,7.766,2.113,17,5,-1,0
20/10/2018,Bournemouth,Southampton,D,6.449,7.087,3.347,12,17,1,-1
20/10/2018,Cardiff,Fulham,W,6.741,7.121,2.766,20,20,-1,-1
20/10/2018,Chelsea,Man United,D,6.443,7.22,4.32,5,2,1,1
20/10/2018,Huddersfield,Liverpool,L,12.49,9.618,2.484,16,4,0,0
20/10/2018,Man City,Burnley,W,10.161,13.009,24.35,1,7,0,0
20/10/2018,Newcastle,Brighton,L,6.506,6.664,3.464,10,15,-1,1
20/10/2018,West Ham,Tottenham,L,7.488,7.375,2.121,13,3,-1,1
20/10/2018,Wolves,Watford,L,6.429,7.093,4.537,20,14,1,-1
21/10/2018,Everton,Crystal Palace,W,6.426,7.032,4.01,8,11,1,-1
22/10/2018,Arsenal,Leicester,W,6.497,6.881,5.199,6,9,1,-1
27/10/2018,Brighton,Wolves,W,7.033,6.622,2.56,15,20,1,-1
27/10/2018,Fulham,Bournemouth,L,6.849,6.905,2.381,20,12,-1,0
27/10/2018,Leicester,West Ham,D,6.481,6.737,3.335,9,13,-1,-1
27/10/2018,Liverpool,Cardiff,W,9.235,12.028,20.785,4,20,1,1
27/10/2018,Southampton,Newcastle,D,6.492,6.616,3.497,17,10,0,-1
27/10/2018,Watford,Huddersfield,W,6.439,6.854,4.48,14,16,1,-1
28/10/2018,Burnley,Chelsea,L,11.666,8.999,2.397,7,5,-1,0
28/10/2018,Crystal Palace,Arsenal,D,7.932,7.381,2.049,11,6,-1,1
28/10/2018,Man United,Everton,W,6.419,6.998,4.366,2,8,0,1
29/10/2018,Tottenham,Man City,L,7.974,7.309,2.052,3,1,1,1
03/11/2018,Arsenal,Liverpool,D,7.248,7.278,2.179,6,4,0,1
03/11/2018,Bournemouth,Man United,L,7.281,7.214,2.233,12,2,1,1
03/11/2018,Cardiff,Leicester,L,7.338,7.049,2.347,20,9,-1,0
03/11/2018,Everton,Brighton,W,6.518,7.285,5.302,8,15,-1,1
03/11/2018,Newcastle,Watford,W,6.754,6.856,2.736,10,14,0,1
03/11/2018,West Ham,Burnley,W,6.448,7.105,4.4,13,7,0,-1
03/11/2018,Wolves,Tottenham,L,6.949,6.558,2.469,20,3,-1,-1
04/11/2018,Chelsea,Crystal Palace,W,7.15,8.518,9.343,5,11,1,0
04/11/2018,Man City,Southampton,W,8.907,11.51,21.032,1,17,1,0
05/11/2018,Huddersfield,Fulham,W,6.325,6.724,3.031,16,20,-1,-1
10/11/2018,Cardiff,Brighton,W,6.578,6.55,2.948,20,15,-1,-1
10/11/2018,Crystal Palace,Tottenham,L,7.861,7.406,2.127,11,3,-1,1
10/11/2018,Huddersfield,West Ham,D,7.144,6.955,2.449,16,13,1,1
10/11/2018,Leicester,Burnley,D,6.595,7.552,5.971,9,7,1,-1
10/11/2018,Newcastle,Bournemouth,W,6.819,6.977,2.576,10,12,1,-1
10/11/2018,Southampton,Watford,D,6.632,6.894,2.875,17,14,-1,-1
11/11/2018,Arsenal,Wolves,D,6.437,7.334,4.645,6,20,0,-1
11/11/2018,Chelsea,Everton,D,6.643,7.588,6.36,5,8,1,1
11/11/2018,Liverpool,Fulham,W,9.046,11.79,19.835,4,20,0,-1
11/11/2018,Man City,Man United,W,6.693,7.728,6.547,1,2,1,1
24/11/2018,Brighton,Leicester,D,6.843,6.887,2.665,15,9,-1,0
24/11/2018,Everton,Cardiff,W,6.689,7.893,6.772,8,20,0,1
24/11/2018,Fulham,Southampton,W,6.711,7.007,2.668,20,17,-1,0
24/11/2018,Man United,Crystal Palace,D,6.71,7.981,6.819,2,11,-1,-1
24/11/2018,Tottenham,Chelsea,W,6.817,7.055,2.508,3,5,1,0
24/11/2018,Watford,Liverpool,L,8.967,8.105,2.09,14,4,0,1
24/11/2018,West Ham,Man City,L,12.777,10.114,2.438,13,1,0,1
25/11/2018,Bournemouth,Arsenal,L,7.298,7.041,2.141,12,6,-1,0
25/11/2018,Wolves,Huddersfield,L,6.629,7.407,6.52,20,16,0,0
26/11/2018,Burnley,Newcastle,L,6.827,6.693,2.714,7,10,0,1
30/11/2018,Cardiff,Wolves,W,7.315,6.88,2.42,20,20,-1,-1
01/12/2018,Crystal Palace,Burnley,W,6.499,7.096,5.292,11,7,0,-1
01/12/2018,Huddersfield,Brighton,L,6.625,6.435,3.22,16,15,1,0
01/12/2018,Leicester,Watford,W,6.535,6.755,3.172,9,14,0,-1
01/12/2018,Man City,Bournemouth,W,8.797,11.645,18.506,1,12,1,-1
01/12/2018,Newcastle,West Ham,L,6.636,6.765,2.907,10,13,1,-1
01/12/2018,Southampton,Man United,D,7.686,7.195,2.199,17,2,-1,0
02/12/2018,Arsenal,Tottenham,W,6.71,6.777,2.564,6,3,1,1
02/12/2018,Chelsea,Fulham,W,7.77,9.664,12.986,5,20,-1,1
02/12/2018,Liverpool,Everton,W,6.717,7.847,6.988,4,8,1,1
04/12/2018,Bournemouth,Huddersfield,W,6.457,7.05,4.741,12,16,-1,-1
04/12/2018,Brighton,Crystal Palace,W,6.865,6.566,2.729,15,11,1,1
04/12/2018,Watford,Man City,L,12.072,9.547,2.318,14,1,-1,1
04/12/2018,West Ham,Cardiff,W,6.224,6.991,4.823,13,20,1,1
05/12/2018,Burnley,Liverpool,L,13.15,9.843,2.492,7,4,-1,1
05/12/2018,Everton,Newcastle,D,6.515,7.138,5.478,8,10,-1,-1
05/12/2018,Fulham,Leicester,D,6.928,6.959,2.426,20,9,-1,1
05/12/2018,Man United,Arsenal,D,6.602,6.929,2.754,2,6,0,1
05/12/2018,Tottenham,Southampton,W,6.765,7.982,7.372,3,17,-1,0
05/12/2018,Wolves,Chelsea,W,8.105,7.393,2.137,20,5,-1,1
08/12/2018,Arsenal,Huddersfield,W,7.082,8.368,9.421,6,16,0,-1
08/12/2018,Bournemouth,Liverpool,L,8.774,7.628,2.05,12,4,1,1
08/12/2018,Burnley,Brighton,W,6.824,6.579,2.747,7,15,-1,1
08/12/2018,Cardiff,Southampton,W,6.845,6.775,2.624,20,17,-1,-1
08/12/2018,Chelsea,Man City,W,7.527,7.29,2.146,5,1,-1,1
08/12/2018,Leicester,Tottenham,L,7.448,7.161,2.206,9,3,0,1
08/12/2018,Man United,Fulham,W,6.837,8.266,7.645,2,20,0,0
08/12/2018,West Ham,Crystal Palace,W,6.531,6.808,3.1,13,11,1,-1
09/12/2018,Newcastle,Wolves,L,6.849,6.596,2.692,10,20,0,1
10/12/2018,Everton,Watford,D,6.421,7.065,4.23,8,14,0,-1
15/12/2018,Crystal Palace,Leicester,W,6.483,6.567,2.872,11,9,-1,-1
15/12/2018,Fulham,West Ham,L,6.667,6.917,2.405,20,13,-1,1
15/12/2018,Huddersfield,Newcastle,L,6.485,6.385,2.987,16,10,-1,-1
15/12/2018,Man City,Everton,W,7.145,9.036,10.679,1,8,-1,0
15/12/2018,Tottenham,Burnley,W,7.643,9.538,13.948,3,7,1,1
15/12/2018,Watford,Cardiff,W,6.255,7.033,4.971,14,20,0,1
15/12/2018,Wolves,Bournemouth,W,6,6.776,3.627,20,12,1,-1
16/12/2018,Brighton,Chelsea,L,9.571,8.092,2.195,15,5,-1,1
16/12/2018,Liverpool,Man United,W,6.292,7.383,5.22,4,2,1,1
16/12/2018,Southampton,Arsenal,W,7.32,7.134,2.113,17,6,-1,1
21/12/2018,Wolves,Liverpool,L,9.036,7.724,2.2,20,4,1,1
22/12/2018,Arsenal,Burnley,W,7.162,8.954,11.339,6,7,-1,-1
22/12/2018,Bournemouth,Brighton,W,6.206,6.825,3.809,12,15,-1,-1
22/12/2018,Cardiff,Man United,L,8.737,7.737,2.127,20,2,-1,-1
22/12/2018,Chelsea,Leicester,L,6.718,8.095,8.502,5,9,1,-1
22/12/2018,Huddersfield,Southampton,L,6.73,6.574,2.64,16,17,-1,1
22/12/2018,Man City,Crystal Palace,L,8.169,10.835,16.552,1,11,1,1
22/12/2018,Newcastle,Fulham,D,6.213,6.802,3.558,10,20,1,-1
22/12/2018,West Ham,Watford,L,6.23,6.689,2.877,13,14,1,1
23/12/2018,Everton,Tottenham,L,6.828,6.762,2.351,8,3,-1,1
26/12/2018,Brighton,Arsenal,D,8.217,7.53,2.104,15,6,-1,1
26/12/2018,Burnley,Everton,L,7.698,7.128,2.218,7,8,-1,-1
26/12/2018,Crystal Palace,Cardiff,D,6.353,7.16,4.826,11,20,1,-1
26/12/2018,Fulham,Wolves,D,6.947,6.858,2.444,20,20,0,-1
26/12/2018,Leicester,Man City,W,11.013,8.927,2.256,9,1,1,-1
26/12/2018,Liverpool,Newcastle,W,7.996,10.482,14.688,4,10,1,0
26/12/2018,Man United,Huddersfield,W,7.299,8.952,11.441,2,16,1,-1
26/12/2018,Tottenham,Bournemouth,W,6.703,8.203,7.558,3,12,1,1
26/12/2018,Watford,Chelsea,L,8.095,7.487,2.104,14,5,1,-1
27/12/2018,Southampton,West Ham,L,6.42,6.895,2.994,17,13,1,-1
29/12/2018,Brighton,Everton,W,7.084,6.94,2.333,15,8,0,1
29/12/2018,Fulham,Huddersfield,W,6.348,6.614,3.601,20,16,0,-1
29/12/2018,Leicester,Cardiff,L,6.41,7.319,5.224,9,20,1,0
29/12/2018,Liverpool,Arsenal,W,6.439,7.74,5.272,4,6,1,0
29/12/2018,Tottenham,Wolves,L,6.707,7.92,7.592,3,20,1,0
29/12/2018,Watford,Newcastle,D,6.309,6.971,4.046,14,10,-1,-1
30/12/2018,Burnley,West Ham,W,6.883,6.851,2.342,7,13,-1,1
30/12/2018,Crystal Palace,Chelsea,L,8.114,7.503,2.11,11,5,0,1
30/12/2018,Man United,Bournemouth,W,6.676,8.15,7.475,2,12,1,-1
30/12/2018,Southampton,Man City,L,11.327,9.301,2.283,17,1,-1,-1
01/01/2019,Arsenal,Fulham,W,6.606,8.222,7.491,6,20,-1,1
01/01/2019,Cardiff,Tottenham,L,9.454,8.053,2.123,20,3,1,-1
01/01/2019,Everton,Leicester,L,6.241,6.727,3.553,8,9,-1,-1
02/01/2019,Bournemouth,Watford,D,6.467,6.839,2.644,12,14,-1,0
02/01/2019,Chelsea,Southampton,D,6.934,8.598,9.244,5,17,1,-1
02/01/2019,Huddersfield,Burnley,L,6.265,6.378,3.656,16,7,-1,1
02/01/2019,Newcastle,Man United,L,8.668,7.689,2.066,10,2,0,1
02/01/2019,West Ham,Brighton,D,6.203,6.834,3.59,13,15,-1,1
02/01/2019,Wolves,Crystal Palace,L,6.24,6.533,3.734,20,11,1,-1
03/01/2019,Man City,Liverpool,W,6.252,6.984,3.126,1,4,1,1
12/01/2019,Brighton,Liverpool,L,11.533,9.56,2.362,15,4,0,-1
12/01/2019,Burnley,Fulham,W,6.581,6.964,3.047,7,20,1,-1
12/01/2019,Cardiff,Huddersfield,D,6.522,6.755,3.386,20,16,-1,-1
12/01/2019,Chelsea,Newcastle,W,7.518,9.381,11.664,5,10,0,-1
12/01/2019,Crystal Palace,Watford,L,6.521,7.023,3.178,11,14,1,0
12/01/2019,Leicester,Southampton,L,6.426,7.109,3.821,9,17,1,0
12/01/2019,West Ham,Arsenal,W,7.245,7.411,2.161,13,6,0,1
13/01/2019,Everton,Bournemouth,W,6.419,7.381,4.062,8,12,-1,0
13/01/2019,Tottenham,Man United,L,6.477,7.198,3.248,3,2,1,1
14/01/2019,Man City,Wolves,W,7.661,10.035,12.895,1,20,1,-1
19/01/2019,Arsenal,Chelsea,W,6.738,7.053,2.349,6,5,-1,1
19/01/2019,Bournemouth,West Ham,W,6.353,6.895,2.78,12,13,-1,1
19/01/2019,Liverpool,Crystal Palace,W,7.456,9.762,12.939,4,11,1,-1
19/01/2019,Man United,Brighton,W,6.797,8.389,8.982,2,15,1,-1
19/01/2019,Newcastle,Cardiff,W,6.238,6.729,3.906,10,20,-1,0
19/01/2019,Southampton,Everton,W,6.527,6.848,2.633,17,8,1,1
19/01/2019,Watford,Burnley,D,6.231,7.204,4.801,14,7,1,1
19/01/2019,Wolves,Leicester,W,6.342,6.549,3.198,20,9,-1,-1
20/01/2019,Fulham,Tottenham,L,8.197,7.405,2.161,20,3,-1,-1
20/01/2019,Huddersfield,Man City,L,18.705,13.331,3.409,16,1,0,1
29/01/2019,Arsenal,Cardiff,W,7.199,8.974,10.996,6,20,1,-1
29/01/2019,Fulham,Brighton,W,6.368,6.709,3.091,20,15,-1,-1
29/01/2019,Huddersfield,Everton,L,7.332,6.944,2.319,16,8,-1,-1
29/01/2019,Man United,Burnley,D,6.943,8.61,9.953,2,7,1,0
29/01/2019,Newcastle,Man City,W,15.946,11.557,2.913,10,1,1,1
29/01/2019,Wolves,West Ham,W,6.257,6.855,3.405,20,13,1,-1
30/01/2019,Bournemouth,Chelsea,W,8.338,7.767,2.079,12,5,1,-1
30/01/2019,Liverpool,Leicester,D,7.171,9.055,11.016,4,9,1,-1
30/01/2019,Southampton,Crystal Palace,D,6.349,6.803,2.979,17,11,1,-1
30/01/2019,Tottenham,Watford,W,6.227,7.196,4.785,3,14,1,0
02/02/2019,Brighton,Watford,D,6.342,6.642,2.833,15,14,-1,-1
02/02/2019,Burnley,Southampton,D,6.343,6.707,2.782,7,17,0,0
02/02/2019,Cardiff,Bournemouth,W,6.706,6.864,2.38,20,12,-1,1
02/02/2019,Chelsea,Huddersfield,W,7.316,9.416,13.628,5,16,-1,-1
02/02/2019,Crystal Palace,Fulham,W,6.116,6.776,3.475,11,20,0,1
02/02/2019,Everton,Wolves,L,6.249,6.685,2.976,8,20,1,1
02/02/2019,Tottenham,Newcastle,W,6.404,7.465,7.201,3,10,1,1
03/02/2019,Leicester,Man United,L,6.981,6.924,2.266,9,2,0,0
03/02/2019,Man City,Arsenal,W,6.573,8.488,7.369,1,6,-1,1
04/02/2019,West Ham,Liverpool,D,9.93,8.733,2.157,13,4,-1,0
06/02/2019,Everton,Man City,L,11.26,9.452,2.249,8,1,-1,1
09/02/2019,Brighton,Burnley,L,6.012,6.504,3.727,15,7,0,0
09/02/2019,Crystal Palace,West Ham,D,6.024,6.621,3.354,11,13,1,0
09/02/2019,Fulham,Man United,L,8.044,7.517,2.049,20,2,-1,1
09/02/2019,Huddersfield,Arsenal,L,8.26,7.634,2.096,16,6,-1,-1
09/02/2019,Liverpool,Bournemouth,W,7.122,9.412,11.931,4,12,0,-1
09/02/2019,Southampton,Cardiff,L,5.982,6.802,4.321,17,20,0,1
09/02/2019,Watford,Everton,W,6.123,6.637,2.957,14,8,0,-1
10/02/2019,Man City,Chelsea,W,6.1,7.241,5.518,1,5,1,1
10/02/2019,Tottenham,Leicester,W,5.996,6.889,4.641,3,9,1,-1
11/02/2019,Wolves,Newcastle,D,6.002,6.772,4.898,20,10,1,-1
22/02/2019,Cardiff,Watford,L,6.382,6.556,2.49,20,14,1,1
22/02/2019,West Ham,Fulham,W,5.982,6.823,3.562,13,20,0,-1
23/02/2019,Bournemouth,Wolves,D,6.383,6.601,2.603,12,20,-1,0
23/02/2019,Burnley,Tottenham,W,8.027,7.304,2.119,7,3,1,1
23/02/2019,Leicester,Crystal Palace,L,5.95,6.421,3.279,9,11,-1,0
23/02/2019,Newcastle,Huddersfield,W,5.873,6.447,4.528,10,16,0,-1
24/02/2019,Arsenal,Southampton,W,5.963,7.161,5.626,6,17,1,-1
24/02/2019,Man United,Liverpool,D,6.528,6.773,2.385,2,4,1,1
26/02/2019,Cardiff,Everton,L,7.032,6.85,2.328,20,8,-1,-1
26/02/2019,Huddersfield,Wolves,W,7.89,6.938,2.282,16,20,-1,0
26/02/2019,Leicester,Brighton,W,6.106,6.713,3.927,9,15,-1,-1
26/02/2019,Newcastle,Burnley,W,6.163,6.59,3.503,10,7,1,1
27/02/2019,Arsenal,Bournemouth,W,6.257,7.634,6.168,6,12,1,0
27/02/2019,Chelsea,Tottenham,W,6.226,6.761,2.96,5,3,-1,-1
27/02/2019,Crystal Palace,Man United,L,6.689,6.855,2.386,11,2,1,0
27/02/2019,Liverpool,Watford,W,6.751,8.375,9.618,4,14,0,1
27/02/2019,Man City,West Ham,W,7.741,10.322,14.685,1,13,1,1
27/02/2019,Southampton,Fulham,W,6.095,6.811,3.756,17,20,-1,-1
02/03/2019,Bournemouth,Man City,L,12.843,10.936,2.51,12,1,-1,1
02/03/2019,Brighton,Huddersfield,W,6.006,6.47,4.514,15,16,-1,1
02/03/2019,Burnley,Crystal Palace,L,6.359,6.558,2.652,7,11,-1,-1
02/03/2019,Man United,Southampton,W,6.181,7.357,6.552,2,17,1,1
02/03/2019,Tottenham,Arsenal,D,5.898,6.763,3.297,3,6,-1,1
02/03/2019,West Ham,Newcastle,W,6.029,6.526,3.323,13,10,-1,1
02/03/2019,Wolves,Cardiff,W,6.117,7.169,6.13,20,20,-1,-1
03/03/2019,Everton,Liverpool,D,8.279,7.518,2.118,8,4,1,1
03/03/2019,Fulham,Chelsea,L,8.772,7.948,2.085,20,5,-1,1
03/03/2019,Watford,Leicester,W,6.192,6.57,2.86,14,9,-1,1
09/03/2019,Cardiff,West Ham,W,6.766,6.759,2.314,20,13,-1,1
09/03/2019,Crystal Palace,Brighton,L,5.98,6.632,4.214,11,15,1,1
09/03/2019,Huddersfield,Bournemouth,L,6.739,6.626,2.428,16,12,-1,-1
09/03/2019,Leicester,Fulham,W,6.015,7.21,4.854,9,20,-1,-1
09/03/2019,Man City,Watford,W,7.722,10.517,15.465,1,14,1,1
09/03/2019,Newcastle,Everton,W,6.353,6.475,2.746,10,8,-1,0
09/03/2019,Southampton,Tottenham,W,7.321,7.144,2.136,17,3,-1,0
10/03/2019,Arsenal,Man United,W,6.156,6.739,2.76,6,2,0,1
10/03/2019,Chelsea,Wolves,D,6.08,7.067,5.75,5,20,1,1
10/03/2019,Liverpool,Burnley,W,7.55,9.877,15.069,4,7,0,-1
16/03/2019,Bournemouth,Newcastle,D,6.136,6.719,3.386,12,10,1,1
16/03/2019,Burnley,Leicester,L,6.644,6.762,2.461,7,9,-1,1
16/03/2019,West Ham,Huddersfield,W,6.176,7.173,5.605,13,16,-1,-1
17/03/2019,Everton,Chelsea,W,7.325,7.111,2.179,8,5,-1,0
17/03/2019,Fulham,Liverpool,L,12.952,10.468,2.457,20,4,-1,1
30/03/2019,Brighton,Southampton,L,6.125,6.189,2.953,15,17,1,1
30/03/2019,Burnley,Wolves,W,6.576,6.535,2.535,7,20,-1,0
30/03/2019,Crystal Palace,Huddersfield,W,6.214,7.238,6.878,11,16,-1,-1
30/03/2019,Fulham,Man City,L,18.767,13.751,3.254,20,1,-1,1
30/03/2019,Leicester,Bournemouth,W,5.982,6.833,3.826,9,12,1,0
30/03/2019,Man United,Watford,W,6.165,7.435,6.477,2,14,-1,-1
30/03/2019,West Ham,Everton,L,6.216,6.659,2.714,13,8,1,1
31/03/2019,Cardiff,Chelsea,L,9.979,8.221,2.231,20,5,1,-1
31/03/2019,Liverpool,Tottenham,W,6.009,7.103,4.87,4,3,1,-1
01/04/2019,Arsenal,Newcastle,W,6.157,7.608,7.105,6,10,1,0
02/04/2019,Watford,Fulham,W,6.082,6.696,4.205,14,20,-1,-1
02/04/2019,Wolves,Man United,W,7.318,7.044,2.232,20,2,-1,1
03/04/2019,Chelsea,Brighton,W,6.979,8.444,10.954,5,15,1,-1
03/04/2019,Man City,Cardiff,W,11.15,14.597,33.015,1,20,1,-1
03/04/2019,Tottenham,Crystal Palace,W,6.258,7.483,6.052,3,11,-1,1
05/04/2019,Southampton,Liverpool,L,10.239,8.608,2.261,17,4,1,1
06/04/2019,Bournemouth,Burnley,L,6.136,6.708,3.291,12,7,-1,1
06/04/2019,Huddersfield,Leicester,L,8.046,7.299,2.131,16,9,-1,1
06/04/2019,Newcastle,Crystal Palace,L,6.338,6.598,2.907,10,11,-1,-1
07/04/2019,Everton,Arsenal,W,6.626,6.976,2.349,8,6,1,1
08/04/2019,Chelsea,West Ham,W,6.423,7.979,7.898,5,13,1,-1
12/04/2019,Leicester,Newcastle,L,6.141,6.924,4.927,9,10,1,-1
13/04/2019,Brighton,Bournemouth,L,6.099,6.545,3.133,15,12,-1,-1
13/04/2019,Burnley,Cardiff,W,6.108,6.786,3.86,7,20,1,-1
13/04/2019,Fulham,Everton,W,7.726,7.447,2.08,20,8,-1,1
13/04/2019,Man United,West Ham,W,6.352,7.781,6.532,2,13,-1,-1
13/04/2019,Southampton,Wolves,W,6.371,6.583,2.866,17,20,-1,1
13/04/2019,Tottenham,Huddersfield,W,7.156,9.204,12.236,3,16,1,-1
14/04/2019,Crystal Palace,Man City,L,11.589,9.196,2.336,11,1,1,1
14/04/2019,Liverpool,Chelsea,W,6.098,7.169,4.486,4,5,1,1
15/04/2019,Watford,Arsenal,L,6.601,6.843,2.25,14,6,1,-1
16/04/2019,Brighton,Cardiff,L,5.903,6.243,3.908,15,20,-1,-1
20/04/2019,Bournemouth,Fulham,L,5.856,6.985,4.284,12,20,1,1
20/04/2019,Huddersfield,Watford,L,7.381,7.017,2.134,16,14,-1,-1
20/04/2019,Man City,Tottenham,W,6.698,8.646,8.72,1,3,1,1
20/04/2019,Newcastle,Southampton,W,6.318,6.536,3.006,10,17,1,1
20/04/2019,West Ham,Leicester,D,6.582,6.757,2.349,13,9,-1,-1
20/04/2019,Wolves,Brighton,D,6.01,6.604,4.872,20,15,-1,-1
21/04/2019,Arsenal,Crystal Palace,L,5.934,7.118,5.438,6,11,1,-1
21/04/2019,Cardiff,Liverpool,L,15.245,11.103,2.792,20,4,1,1
21/04/2019,Everton,Man United,W,6.73,6.755,2.352,8,2,-1,1
22/04/2019,Chelsea,Burnley,D,6.569,8.243,10.475,5,7,-1,1
23/04/2019,Tottenham,Brighton,W,6.695,8.225,9.562,3,15,-1,0
23/04/2019,Watford,Southampton,D,6.195,6.641,3.047,14,17,1,-1
24/04/2019,Man United,Man City,L,9.256,8.245,2.081,2,1,-1,1
24/04/2019,Wolves,Arsenal,W,6.422,6.586,2.494,20,6,0,-1
26/04/2019,Liverpool,Huddersfield,W,10.535,14.415,30.246,4,16,1,-1
27/04/2019,Brighton,Newcastle,D,6.209,6.42,3.286,15,10,-1,1
27/04/2019,Crystal Palace,Everton,D,6.362,6.65,2.695,11,8,1,1
27/04/2019,Fulham,Cardiff,W,6.252,6.875,2.795,20,20,1,-1
27/04/2019,Southampton,Bournemouth,D,6.081,6.953,3.64,17,12,0,-1
27/04/2019,Tottenham,West Ham,L,6.303,7.758,6.05,3,13,1,0
27/04/2019,Watford,Wolves,L,6.369,6.635,2.796,14,20,0,1
28/04/2019,Burnley,Man City,L,18.507,13.262,3.262,7,1,0,1
28/04/2019,Leicester,Arsenal,W,6.425,6.832,2.481,9,6,0,-1
28/04/2019,Man United,Chelsea,D,6.398,6.68,2.616,2,5,-1,0
03/05/2019,Everton,Burnley,W,6.016,6.835,4.849,8,7,0,-1
04/05/2019,Bournemouth,Tottenham,W,7.273,7.172,2.103,12,3,0,-1
04/05/2019,Cardiff,Crystal Palace,L,6.374,6.83,2.592,20,11,-1,0
04/05/2019,Newcastle,Liverpool,L,11.185,8.838,2.359,10,4,0,1
04/05/2019,West Ham,Southampton,W,6.113,6.699,2.811,13,17,1,0
04/05/2019,Wolves,Fulham,W,6.074,6.968,5.726,20,20,1,1
05/05/2019,Arsenal,Brighton,D,6.251,7.535,7.075,6,15,-1,0
05/05/2019,Chelsea,Watford,W,6.26,7.615,6.848,5,14,0,-1
05/05/2019,Huddersfield,Man United,D,11.451,9.215,2.336,16,2,-1,0
06/05/2019,Man City,Leicester,W,7.562,10.197,13.921,1,9,1,1
12/05/2019,Brighton,Man City,L,17.134,12.605,2.965,15,1,0,1
12/05/2019,Burnley,Arsenal,L,6.59,6.887,2.244,7,6,-1,0
12/05/2019,Crystal Palace,Bournemouth,W,6.077,7.058,3.446,11,12,1,1
12/05/2019,Fulham,Newcastle,L,6.328,6.86,2.66,20,10,-1,-1
12/05/2019,Leicester,Chelsea,D,6.265,6.909,2.726,9,5,-1,1
12/05/2019,Liverpool,Wolves,W,6.619,8.266,8.563,4,20,1,1
12/05/2019,Man United,Cardiff,L,6.563,8.631,8.438,2,20,0,-1
12/05/2019,Southampton,Huddersfield,D,6.204,7.47,6.521,17,16,-1,0
12/05/2019,Tottenham,Everton,D,6.153,6.795,3.233,3,8,-1,1
12/05/2019,Watford,West Ham,L,6.192,6.87,2.88,14,13,-1,1
